id,Hardness
10407,2.4285714285714284
10408,2.8
10409,6.0
10410,6.0
10411,5.0
10412,3.8
10413,2.5
10414,5.5
10415,2.0
10416,3.5
10417,4.0
10418,4.410526315789472
10419,5.0
10420,5.0
10421,6.0
10422,5.5
10423,3.0
10424,6.0
10425,5.5
10426,2.0
10427,5.5
10428,6.0
10429,3.3
10430,4.0
10431,5.3
10432,6.0
10433,6.5
10434,6.0
10435,5.8
10436,6.0
10437,6.0
10438,6.8
10439,5.5
10440,6.0
10441,2.5
10442,4.8
10443,1.5
10444,2.5
10445,5.5
10446,2.3
10447,6.0
10448,5.5
10449,6.0
10450,5.5
10451,5.5
10452,2.3
10453,6.0
10454,6.0
10455,2.0
10456,2.0
10457,2.5
10458,10.0
10459,5.5
10460,6.0
10461,2.8
10462,6.0
10463,6.0
10464,6.0
10465,2.5
10466,6.0
10467,6.0
10468,3.3
10469,2.8
10470,3.8
10471,3.5
10472,2.0
10473,4.0
10474,3.8
10475,5.3
10476,2.5
10477,6.0
10478,3.0
10479,4.410526315789472
10480,6.0
10481,2.5
10482,5.726315789473685
10483,6.0
10484,1.8
10485,6.0
10486,1.9333333333333333
10487,3.8000000000000003
10488,2.5
10489,3.8
10490,5.5
10491,5.8
10492,6.0
10493,3.8
10494,2.8
10495,3.8000000000000003
10496,2.3
10497,6.0
10498,6.0
10499,5.5
10500,3.3
10501,2.5
10502,9.5
10503,5.5
10504,6.8
10505,5.5
10506,6.0
10507,6.0
10508,2.4000000000000004
10509,2.0
10510,4.076923076923077
10511,1.8499999999999999
10512,2.8
10513,3.5
10514,3.3
10515,2.8
10516,5.8
10517,5.5
10518,5.5
10519,6.5
10520,5.5
10521,2.8
10522,5.5
10523,4.5
10524,3.0
10525,2.5
10526,2.5
10527,4.0
10528,5.0
10529,5.0
10530,2.0
10531,6.3
10532,5.0
10533,6.0
10534,7.0
10535,3.0
10536,2.5
10537,6.8
10538,5.8
10539,5.5
10540,2.8
10541,2.5
10542,3.5
10543,6.0
10544,6.0
10545,4.5
10546,5.8
10547,6.5
10548,4.5
10549,2.5
10550,6.8
10551,6.0
10552,6.3
10553,5.0
10554,4.076923076923077
10555,2.5090909090909093
10556,5.0
10557,6.0
10558,6.0
10559,2.5
10560,2.5
10561,5.5
10562,6.8
10563,2.8
10564,2.5
10565,2.5
10566,3.8
10567,3.8000000000000003
10568,2.3
10569,3.0
10570,6.0
10571,6.0
10572,4.0
10573,5.8
10574,2.5
10575,3.8
10576,2.0500000000000003
10577,2.31
10578,6.5
10579,6.5
10580,4.3
10581,6.0
10582,3.3
10583,2.5
10584,6.0
10585,1.5
10586,2.34
10587,6.5
10588,4.5
10589,5.5
10590,3.0
10591,3.3
10592,2.4000000000000004
10593,6.0
10594,6.8
10595,5.5
10596,3.0
10597,3.5
10598,6.0
10599,5.5
10600,2.8
10601,6.8
10602,4.8
10603,6.0
10604,5.5
10605,2.0
10606,3.3
10607,5.726315789473685
10608,6.0
10609,10.0
10610,5.5
10611,7.8
10612,5.5
10613,5.5
10614,6.3
10615,6.0
10616,8.25
10617,5.5
10618,2.5
10619,3.8
10620,6.0
10621,2.5
10622,4.0
10623,6.0
10624,6.3
10625,5.5
10626,2.5
10627,5.8
10628,6.0
10629,5.8
10630,2.5
10631,9.5
10632,3.738461538461538
10633,3.5
10634,2.8
10635,2.0
10636,5.5
10637,6.0
10638,3.5
10639,5.5
10640,5.5
10641,1.5
10642,2.5
10643,2.31
10644,2.0
10645,6.5
10646,1.8
10647,6.5
10648,6.0
10649,5.8
10650,3.4933333333333323
10651,6.046666666666665
10652,4.0
10653,5.0
10654,2.8
10655,2.0
10656,4.0
10657,5.0
10658,6.0
10659,5.5
10660,3.4933333333333323
10661,3.65
10662,1.5
10663,3.8
10664,3.3
10665,6.0
10666,3.0
10667,5.8
10668,6.0
10669,6.5
10670,2.5
10671,3.738461538461538
10672,2.5
10673,5.5
10674,2.8
10675,4.3
10676,3.0
10677,2.3
10678,6.5
10679,5.8
10680,5.5
10681,6.0
10682,4.0
10683,4.3
10684,1.8
10685,5.5
10686,2.8
10687,4.8
10688,4.8
10689,3.8
10690,6.0
10691,6.0
10692,3.8
10693,5.5
10694,2.5
10695,2.5
10696,5.5
10697,6.8
10698,3.8
10699,1.8
10700,2.8
10701,5.848571428571429
10702,6.8
10703,6.3
10704,5.8
10705,6.0
10706,6.0
10707,6.5
10708,4.8
10709,2.5
10710,6.0
10711,4.0
10712,6.0
10713,3.0
10714,2.5
10715,6.0
10716,6.0
10717,6.0
10718,6.0
10719,7.8
10720,6.0
10721,5.5
10722,2.0
10723,2.5
10724,6.0
10725,2.31
10726,3.0
10727,2.3
10728,6.0
10729,5.0
10730,6.0
10731,5.5
10732,2.3
10733,1.8
10734,6.0
10735,6.0
10736,5.5
10737,5.5
10738,3.5
10739,2.5
10740,1.8
10741,6.3
10742,2.3
10743,6.5
10744,2.5
10745,5.0
10746,3.8
10747,2.5
10748,6.0
10749,5.5
10750,3.0
10751,3.8
10752,5.8
10753,5.5
10754,2.5
10755,5.8
10756,6.0
10757,3.625
10758,3.8
10759,2.8
10760,6.3
10761,6.0
10762,5.5
10763,5.848571428571429
10764,3.3
10765,6.0
10766,8.5
10767,6.5
10768,6.0
10769,6.0
10770,6.5
10771,2.5
10772,5.5
10773,5.8
10774,6.0
10775,5.5
10776,5.5
10777,2.31
10778,6.8
10779,4.0
10780,5.5
10781,4.642857142857143
10782,6.5
10783,2.5
10784,6.0
10785,6.3
10786,6.0
10787,6.0
10788,6.0
10789,6.0
10790,2.5
10791,6.8
10792,4.0
10793,2.8
10794,3.3
10795,5.5
10796,2.5
10797,6.8
10798,5.0
10799,8.5
10800,2.5
10801,6.0
10802,6.0
10803,3.7700000000000005
10804,6.5
10805,5.5
10806,6.3
10807,6.0
10808,2.5
10809,3.5
10810,6.0
10811,4.5
10812,3.3
10813,4.3
10814,6.0
10815,1.5
10816,3.8000000000000003
10817,3.8
10818,2.5
10819,6.0
10820,5.0
10821,2.5
10822,2.5
10823,2.3
10824,5.848571428571429
10825,2.5
10826,2.5
10827,6.0
10828,2.5
10829,6.0
10830,6.8
10831,6.5
10832,5.726315789473685
10833,4.0
10834,5.15
10835,5.5
10836,3.8
10837,6.0
10838,6.0
10839,2.5090909090909093
10840,6.3
10841,7.5
10842,7.166666666666667
10843,4.5
10844,3.0
10845,5.0
10846,2.5
10847,6.2
10848,2.8
10849,6.0
10850,5.5
10851,2.0
10852,5.5
10853,2.5
10854,6.0
10855,2.5
10856,6.0
10857,6.3
10858,5.8
10859,7.8
10860,5.5
10861,6.0
10862,4.0
10863,6.0
10864,6.8
10865,6.0
10866,5.8
10867,2.31
10868,7.5
10869,5.8
10870,6.5
10871,7.8
10872,3.4933333333333323
10873,3.3
10874,3.8
10875,5.5
10876,6.8
10877,6.3
10878,6.0
10879,6.3
10880,3.0
10881,9.5
10882,1.5
10883,5.5
10884,3.5
10885,5.5
10886,2.5625
10887,2.3
10888,5.8
10889,6.0
10890,5.5
10891,2.5
10892,4.0
10893,2.5
10894,5.5
10895,3.5
10896,2.0
10897,6.8
10898,5.5
10899,5.5
10900,3.8
10901,2.3
10902,6.0
10903,1.3
10904,6.0
10905,5.5
10906,1.8
10907,4.785714285714286
10908,5.8
10909,2.5
10910,6.5
10911,5.5
10912,4.0
10913,4.0
10914,2.8
10915,6.0
10916,3.8
10917,6.0
10918,6.0
10919,2.8
10920,5.5
10921,6.0
10922,2.5
10923,2.0
10924,3.5
10925,5.5
10926,3.8
10927,5.3
10928,2.5
10929,5.225
10930,5.3
10931,2.8
10932,6.0
10933,6.0
10934,6.0
10935,5.642857142857143
10936,2.5
10937,5.8
10938,3.8
10939,5.0
10940,5.5
10941,4.3
10942,6.3
10943,6.0
10944,2.3
10945,6.0
10946,6.0
10947,3.8
10948,3.8000000000000003
10949,3.3
10950,3.3
10951,5.3
10952,6.0
10953,3.8
10954,5.0
10955,1.5
10956,6.5
10957,6.0
10958,6.0
10959,6.0
10960,2.0
10961,1.8
10962,3.8
10963,9.0
10964,3.5
10965,2.8
10966,1.9333333333333333
10967,6.0
10968,6.0
10969,3.8
10970,3.8
10971,5.5
10972,2.34
10973,3.5
10974,7.0
10975,3.0
10976,3.5
10977,6.0
10978,3.5
10979,2.5
10980,6.0
10981,3.8
10982,2.5
10983,3.8000000000000003
10984,9.5
10985,3.8
10986,6.0
10987,6.0
10988,6.0
10989,5.3
10990,2.0500000000000003
10991,2.5
10992,6.0
10993,2.5
10994,5.0
10995,2.5090909090909093
10996,6.0
10997,5.8
10998,2.5
10999,1.5
11000,5.5
11001,5.3
11002,2.5
11003,6.0
11004,4.3
11005,5.225
11006,4.3
11007,5.5
11008,3.8
11009,4.410526315789472
11010,5.5
11011,5.5
11012,6.0
11013,6.0
11014,6.0
11015,6.5
11016,5.0
11017,6.0
11018,5.3
11019,9.5
11020,5.5
11021,5.5
11022,7.0
11023,5.5
11024,5.5
11025,2.8
11026,1.5
11027,4.0
11028,5.8
11029,1.5
11030,2.8
11031,3.8
11032,4.8
11033,5.5
11034,4.5
11035,6.0
11036,5.0
11037,2.0
11038,4.3
11039,5.3
11040,5.8
11041,5.5
11042,2.5
11043,3.8
11044,5.5
11045,5.8
11046,2.3
11047,2.34
11048,3.5
11049,6.0
11050,2.5
11051,2.8
11052,2.5
11053,3.5
11054,3.8
11055,3.5
11056,3.8
11057,6.5
11058,5.8
11059,2.3
11060,6.0
11061,6.3
11062,6.0
11063,6.0
11064,4.0
11065,6.0
11066,4.0
11067,4.5
11068,9.0
11069,3.3
11070,5.4
11071,3.8
11072,3.0
11073,6.0
11074,5.5
11075,2.8
11076,3.8
11077,2.5
11078,3.8000000000000003
11079,3.8
11080,1.8
11081,6.0
11082,5.5
11083,6.3
11084,5.5
11085,5.5
11086,2.0
11087,6.0
11088,1.8
11089,6.0
11090,6.0
11091,3.8
11092,2.8
11093,6.0
11094,5.8
11095,3.8
11096,6.0
11097,2.4000000000000004
11098,6.0
11099,6.0
11100,5.5
11101,2.5
11102,4.25
11103,4.0
11104,6.8
11105,4.5
11106,5.5
11107,2.5
11108,3.5
11109,5.5
11110,4.0
11111,6.0
11112,6.3
11113,6.0
11114,2.5
11115,3.8
11116,3.8000000000000003
11117,6.0
11118,5.5
11119,6.0
11120,2.8
11121,5.0
11122,5.0
11123,1.8
11124,5.5
11125,5.0
11126,3.0
11127,6.333333333333333
11128,6.0
11129,6.0
11130,4.5
11131,3.8
11132,2.8
11133,3.0
11134,5.5
11135,6.3
11136,5.0
11137,6.0
11138,6.0
11139,6.8
11140,5.5
11141,6.0
11142,5.0
11143,6.5
11144,1.8
11145,6.0
11146,5.8
11147,3.8
11148,2.8
11149,4.0
11150,6.0
11151,6.0
11152,3.8
11153,2.5
11154,3.3
11155,5.8
11156,6.8
11157,3.625
11158,1.5
11159,6.0
11160,6.0
11161,2.3
11162,6.0
11163,6.0
11164,6.0
11165,3.8000000000000003
11166,3.5
11167,2.5
11168,5.8
11169,3.8
11170,6.0
11171,6.0
11172,3.5
11173,6.0
11174,6.5
11175,5.3
11176,6.5
11177,6.0
11178,1.5
11179,3.8
11180,6.0
11181,6.8
11182,5.8
11183,5.5
11184,5.6875
11185,2.3
11186,6.0
11187,5.8
11188,5.0
11189,4.0
11190,6.8
11191,2.0
11192,2.8
11193,5.5
11194,2.3
11195,4.0
11196,5.5
11197,6.0
11198,2.3
11199,3.3
11200,3.3
11201,3.0
11202,2.5
11203,2.5
11204,3.8000000000000003
11205,5.6875
11206,2.9
11207,5.848571428571429
11208,5.0
11209,6.0
11210,5.8
11211,5.3
11212,2.0
11213,2.8
11214,3.8000000000000003
11215,6.0
11216,6.0
11217,6.0
11218,6.8
11219,2.5
11220,3.3
11221,3.8
11222,6.8
11223,3.8
11224,2.8
11225,6.8
11226,4.0
11227,6.0
11228,5.8
11229,2.5
11230,6.0
11231,5.694444444444445
11232,2.3
11233,4.0
11234,2.5
11235,4.3
11236,4.0
11237,4.3
11238,2.8
11239,6.0
11240,6.0
11241,6.0
11242,3.8
11243,5.5
11244,6.8
11245,2.0
11246,2.5
11247,2.0
11248,5.5
11249,5.5
11250,4.0
11251,2.5
11252,5.8
11253,6.8
11254,6.0
11255,5.5
11256,5.0
11257,6.0
11258,2.3
11259,6.0
11260,3.0
11261,6.0
11262,2.3
11263,2.5
11264,7.5
11265,6.0
11266,6.5
11267,2.0
11268,1.5
11269,3.0
11270,2.5
11271,6.0
11272,3.3
11273,3.8
11274,2.9250000000000003
11275,5.8
11276,2.3
11277,4.0
11278,2.4000000000000004
11279,6.0
11280,3.8000000000000003
11281,5.0
11282,4.8
11283,4.8
11284,2.5
11285,5.0
11286,4.8
11287,4.8
11288,6.0
11289,2.8
11290,8.25
11291,2.3
11292,5.5
11293,5.5
11294,6.0
11295,7.8
11296,6.0
11297,6.0
11298,6.0
11299,2.9250000000000003
11300,2.125
11301,5.3
11302,4.3
11303,6.5
11304,6.5
11305,6.0
11306,6.0
11307,6.8
11308,4.5
11309,2.4285714285714284
11310,6.0
11311,6.0
11312,2.5
11313,4.8
11314,5.8
11315,6.0
11316,2.0
11317,6.0
11318,5.0
11319,2.0
11320,6.0
11321,5.5
11322,5.5
11323,3.5
11324,2.0
11325,2.5
11326,6.0
11327,2.5
11328,2.5
11329,2.0500000000000003
11330,6.0
11331,2.0
11332,6.0
11333,6.0
11334,6.25
11335,4.0
11336,5.225
11337,6.0
11338,6.0
11339,5.8
11340,6.0
11341,6.5
11342,5.0
11343,5.4
11344,5.0
11345,6.0
11346,3.8
11347,6.0
11348,9.5
11349,3.0
11350,6.0
11351,8.0
11352,4.8
11353,1.5
11354,2.3
11355,2.8
11356,2.8
11357,2.5
11358,4.0
11359,5.5
11360,3.3
11361,6.0
11362,6.8
11363,4.0
11364,2.5
11365,2.5
11366,6.5
11367,2.0
11368,2.5
11369,6.0
11370,1.8
11371,3.8
11372,5.8
11373,5.5
11374,6.5
11375,2.8000000000000003
11376,5.822222222222221
11377,6.0
11378,6.0
11379,4.0
11380,5.5
11381,6.0
11382,3.5
11383,2.25
11384,2.3
11385,5.3
11386,6.0
11387,3.65
11388,6.0
11389,5.0
11390,2.5
11391,2.3
11392,2.5
11393,5.8
11394,3.5
11395,6.0
11396,5.5
11397,6.0
11398,5.0
11399,5.5
11400,6.0
11401,4.0
11402,3.8000000000000003
11403,6.8
11404,6.8
11405,4.0
11406,5.3
11407,6.8
11408,2.8
11409,5.3
11410,4.0
11411,1.8
11412,4.3
11413,2.5
11414,7.8
11415,5.5
11416,6.3
11417,6.0
11418,5.5
11419,2.5
11420,5.8
11421,6.0
11422,5.3
11423,6.0
11424,3.5
11425,2.3000000000000003
11426,6.0
11427,1.8
11428,2.3
11429,5.5
11430,5.822222222222221
11431,1.5
11432,7.5
11433,3.5
11434,2.3
11435,6.046666666666665
11436,2.5
11437,5.5
11438,3.8
11439,6.0
11440,3.6
11441,2.3
11442,2.5
11443,2.0
11444,5.5
11445,2.5
11446,2.5
11447,3.0
11448,6.5
11449,5.5
11450,5.5
11451,5.0
11452,4.0
11453,6.3
11454,5.5
11455,6.0
11456,2.3
11457,5.0
11458,2.8
11459,2.5
11460,2.8
11461,2.8000000000000003
11462,6.5
11463,5.4
11464,2.3
11465,6.0
11466,4.0
11467,5.848571428571429
11468,1.8
11469,6.3
11470,5.5
11471,2.5
11472,2.0
11473,3.5
11474,5.5
11475,3.738461538461538
11476,2.5
11477,2.3
11478,6.5
11479,6.0
11480,5.0
11481,6.0
11482,1.5
11483,6.3
11484,2.3
11485,2.0500000000000003
11486,6.5
11487,6.0
11488,2.0
11489,2.8
11490,2.8
11491,3.0
11492,2.3
11493,4.0
11494,2.3
11495,5.5
11496,4.0
11497,6.635135135135136
11498,3.738461538461538
11499,2.5
11500,5.5
11501,6.5
11502,5.5
11503,6.0
11504,5.5
11505,3.8
11506,6.0
11507,5.0
11508,5.5
11509,6.0
11510,6.5
11511,6.0
11512,3.8
11513,2.5
11514,5.5
11515,5.726315789473685
11516,2.5090909090909093
11517,1.8499999999999999
11518,5.0
11519,2.5
11520,6.0
11521,2.5
11522,2.3
11523,6.0
11524,5.5
11525,6.3
11526,3.8
11527,6.0
11528,5.5
11529,7.0
11530,5.4
11531,6.0
11532,3.0
11533,2.3
11534,4.0
11535,2.5
11536,4.0
11537,3.8
11538,5.5
11539,6.0
11540,1.8
11541,3.3
11542,6.5
11543,6.0
11544,2.5
11545,6.0
11546,2.0
11547,3.5
11548,4.8
11549,3.0
11550,6.0
11551,2.5
11552,7.8
11553,5.5
11554,5.5
11555,6.8
11556,6.0
11557,5.5
11558,6.8
11559,5.5
11560,5.5
11561,6.0
11562,5.0
11563,7.5
11564,4.0
11565,4.0
11566,6.3
11567,4.5
11568,4.0
11569,8.5
11570,5.8
11571,3.0
11572,5.0
11573,2.5
11574,2.3
11575,4.166666666666667
11576,2.0
11577,7.8
11578,3.6666666666666665
11579,6.5
11580,5.5
11581,2.3
11582,6.0
11583,3.8
11584,5.0
11585,2.0
11586,7.0
11587,4.076923076923077
11588,2.3
11589,6.8
11590,6.0
11591,6.5
11592,5.5
11593,3.8
11594,5.3
11595,7.8
11596,4.62
11597,6.8
11598,6.0
11599,2.0
11600,3.8000000000000003
11601,4.785714285714286
11602,2.5
11603,5.8
11604,2.5
11605,7.8
11606,6.3
11607,6.0
11608,6.2
11609,2.8
11610,4.0
11611,5.5
11612,6.5
11613,7.0
11614,2.8
11615,6.0
11616,3.4933333333333323
11617,6.5
11618,2.3
11619,6.0
11620,5.0
11621,6.046666666666665
11622,5.5
11623,5.5
11624,6.0
11625,2.5
11626,5.8
11627,5.5
11628,3.0
11629,5.6875
11630,4.3
11631,5.5
11632,1.3
11633,5.642857142857143
11634,5.822222222222221
11635,6.0
11636,6.0
11637,7.3
11638,5.5
11639,3.8000000000000003
11640,1.8
11641,6.0
11642,7.8
11643,1.5
11644,2.5
11645,2.5
11646,6.5
11647,5.0
11648,5.5
11649,5.3
11650,6.8
11651,5.0
11652,3.8
11653,5.5
11654,2.5
11655,3.8
11656,2.3
11657,6.0
11658,6.5
11659,2.8
11660,6.0
11661,5.5
11662,2.5
11663,6.5
11664,2.5
11665,2.5
11666,1.5
11667,6.0
11668,3.5
11669,2.0
11670,6.0
11671,6.0
11672,2.5
11673,4.5
11674,2.5
11675,5.5
11676,1.5
11677,6.3
11678,5.5
11679,1.8
11680,6.0
11681,3.0
11682,5.8
11683,6.5
11684,6.0
11685,2.0
11686,3.3
11687,5.0
11688,3.8
11689,3.8
11690,6.0
11691,2.5
11692,2.5
11693,4.0
11694,5.0
11695,5.0
11696,5.8
11697,2.0
11698,3.8
11699,2.5
11700,5.0
11701,6.5
11702,6.0
11703,6.5
11704,5.5
11705,5.5
11706,6.0
11707,5.5
11708,5.0
11709,2.5
11710,9.8
11711,5.0
11712,6.0
11713,5.3
11714,2.5
11715,6.3
11716,5.5
11717,5.5
11718,2.3
11719,2.0
11720,6.0
11721,9.0
11722,6.0
11723,6.5
11724,5.0
11725,5.5
11726,3.8
11727,6.0
11728,5.5
11729,6.0
11730,6.3
11731,2.0
11732,6.0
11733,5.5
11734,5.5
11735,6.0
11736,5.5
11737,6.0
11738,5.3
11739,6.0
11740,2.3
11741,6.0
11742,6.0
11743,6.0
11744,4.8
11745,2.5
11746,5.5
11747,6.0
11748,6.0
11749,3.3
11750,2.5
11751,3.5
11752,5.8
11753,5.5
11754,5.5
11755,3.8
11756,4.0
11757,6.3
11758,6.0
11759,5.3
11760,4.0
11761,5.5
11762,3.8
11763,6.0
11764,6.0
11765,2.5
11766,1.5
11767,3.5
11768,3.5
11769,2.5
11770,6.0
11771,6.0
11772,2.0
11773,1.5
11774,2.5
11775,5.0
11776,3.5
11777,4.0
11778,5.8
11779,6.8
11780,6.0
11781,2.8
11782,5.8
11783,5.5
11784,4.0
11785,3.5
11786,5.5
11787,5.5
11788,2.5
11789,6.0
11790,6.8
11791,5.8
11792,3.3
11793,3.8
11794,5.5
11795,4.0
11796,5.5
11797,6.3
11798,4.0
11799,6.0
11800,6.5
11801,6.0
11802,6.0
11803,3.8
11804,6.5
11805,5.642857142857143
11806,4.0
11807,5.5
11808,6.0
11809,6.0
11810,3.8
11811,3.0
11812,1.8
11813,5.848571428571429
11814,2.5
11815,2.5
11816,2.5
11817,6.0
11818,8.5
11819,6.3
11820,4.5
11821,6.0
11822,6.0
11823,4.0
11824,5.5
11825,7.0
11826,9.0
11827,2.0
11828,6.3
11829,2.8
11830,2.5
11831,3.5
11832,3.0
11833,6.0
11834,5.8
11835,3.0
11836,9.5
11837,5.5
11838,4.3
11839,3.8
11840,6.0
11841,6.0
11842,5.5
11843,2.5
11844,6.8
11845,3.0
11846,6.0
11847,2.5
11848,5.0
11849,3.5
11850,3.8
11851,6.0
11852,6.0
11853,4.410526315789472
11854,5.822222222222221
11855,5.0
11856,6.0
11857,2.5
11858,2.8
11859,5.0
11860,4.0
11861,3.5
11862,6.0
11863,2.3000000000000003
11864,2.5
11865,6.3
11866,3.8
11867,5.0
11868,5.5
11869,5.5
11870,6.0
11871,2.5
11872,4.0
11873,2.5
11874,2.3
11875,2.5
11876,2.31
11877,6.8
11878,5.3
11879,5.642857142857143
11880,6.0
11881,5.5
11882,4.3
11883,6.0
11884,2.0
11885,5.5
11886,6.0
11887,4.0
11888,3.8000000000000003
11889,2.5
11890,5.5
11891,7.8
11892,3.8000000000000003
11893,6.0
11894,6.0
11895,2.3
11896,5.5
11897,6.0
11898,3.8
11899,2.5
11900,5.5
11901,5.5
11902,1.8000000000000003
11903,5.5
11904,2.5
11905,5.5
11906,5.5
11907,6.0
11908,6.0
11909,2.5
11910,3.8
11911,2.0
11912,6.0
11913,3.3
11914,6.0
11915,2.0
11916,5.822222222222221
11917,3.3
11918,6.0
11919,5.8
11920,3.0
11921,7.5
11922,4.0
11923,2.5
11924,4.0
11925,5.4
11926,6.15
11927,1.5
11928,5.0
11929,2.8
11930,3.5
11931,2.5
11932,3.0
11933,3.5
11934,6.0
11935,3.0
11936,4.0
11937,2.5
11938,8.0
11939,7.5
11940,6.5
11941,4.0
11942,5.5
11943,3.8
11944,3.3
11945,5.8
11946,3.3
11947,5.0
11948,5.5
11949,4.076923076923077
11950,6.0
11951,5.0
11952,6.0
11953,6.0
11954,6.0
11955,3.8
11956,6.0
11957,6.0
11958,5.0
11959,2.5
11960,5.5
11961,3.4933333333333323
11962,3.8
11963,2.4285714285714284
11964,2.8000000000000003
11965,4.0
11966,3.0
11967,6.0
11968,6.3
11969,5.5
11970,2.3
11971,3.0
11972,6.0
11973,5.5
11974,4.0
11975,4.8
11976,2.34
11977,7.5
11978,5.3
11979,2.8
11980,5.8
11981,5.822222222222221
11982,6.0
11983,6.0
11984,7.0
11985,6.0
11986,2.8
11987,6.0
11988,6.0
11989,3.8
11990,2.5
11991,2.3
11992,6.0
11993,6.0
11994,2.5
11995,2.3000000000000003
11996,7.0
11997,2.5
11998,6.0
11999,3.8
12000,5.0
12001,2.5
12002,3.8
12003,6.5
12004,2.8
12005,6.0
12006,6.046666666666665
12007,6.0
12008,2.8
12009,2.5
12010,2.8
12011,6.3
12012,2.125
12013,4.5
12014,2.5
12015,5.5
12016,6.0
12017,3.8000000000000003
12018,6.0
12019,6.0
12020,6.5
12021,4.0
12022,2.3
12023,3.5
12024,4.785714285714286
12025,6.0
12026,4.0
12027,5.5
12028,6.0
12029,2.5
12030,6.0
12031,5.5
12032,2.5
12033,5.0
12034,7.5
12035,5.5
12036,5.5
12037,4.410526315789472
12038,3.0
12039,3.0
12040,5.5
12041,2.0
12042,2.5
12043,6.0
12044,5.5
12045,2.5
12046,5.5
12047,5.3
12048,6.0
12049,2.5
12050,2.8
12051,6.0
12052,2.8
12053,4.0
12054,2.8
12055,7.0
12056,7.0
12057,2.3
12058,6.635135135135136
12059,6.0
12060,6.5
12061,2.5
12062,3.5
12063,7.0
12064,3.8
12065,3.0
12066,2.5
12067,5.8
12068,6.833333333333333
12069,3.8
12070,4.642857142857143
12071,2.8
12072,3.8
12073,6.833333333333333
12074,6.0
12075,6.0
12076,6.0
12077,5.0
12078,6.0
12079,6.0
12080,5.5
12081,5.5
12082,3.8
12083,4.0
12084,6.3
12085,1.3
12086,1.5
12087,2.8
12088,4.0
12089,2.5
12090,5.5
12091,5.8
12092,8.0
12093,2.8
12094,3.8
12095,3.8
12096,2.5
12097,1.8499999999999999
12098,3.0
12099,2.8
12100,6.0
12101,2.5
12102,5.5
12103,2.0
12104,2.5
12105,4.5
12106,3.8
12107,6.0
12108,2.5
12109,2.0
12110,6.0
12111,4.0
12112,1.8
12113,6.0
12114,3.8
12115,6.5
12116,5.0
12117,3.8000000000000003
12118,7.0
12119,7.0
12120,3.8
12121,6.8
12122,5.5
12123,2.3
12124,4.0
12125,5.0
12126,5.6875
12127,6.0
12128,3.8
12129,5.5
12130,3.3
12131,4.8
12132,6.0
12133,6.5
12134,2.0
12135,5.8
12136,5.8
12137,5.5
12138,2.5
12139,3.4933333333333323
12140,6.5
12141,5.848571428571429
12142,2.0
12143,1.8
12144,6.0
12145,2.8
12146,2.0
12147,6.0
12148,3.0
12149,6.0
12150,5.5
12151,2.8
12152,6.3
12153,6.0
12154,5.3
12155,2.0
12156,5.8
12157,6.8
12158,3.5
12159,2.5
12160,2.0
12161,2.8
12162,3.8
12163,2.8
12164,6.5
12165,3.4933333333333323
12166,5.5
12167,4.8
12168,6.0
12169,6.0
12170,3.8
12171,6.5
12172,3.5
12173,2.3
12174,4.8
12175,5.5
12176,3.8000000000000003
12177,5.8
12178,6.0
12179,3.0
12180,6.0
12181,6.3
12182,6.0
12183,6.0
12184,4.3
12185,5.5
12186,1.8
12187,2.8
12188,6.0
12189,6.0
12190,2.3
12191,5.5
12192,2.0
12193,3.0
12194,6.5
12195,6.0
12196,5.0
12197,2.3
12198,7.0
12199,6.0
12200,2.8
12201,6.8
12202,6.0
12203,1.3
12204,6.3
12205,2.8
12206,6.635135135135136
12207,1.5
12208,3.738461538461538
12209,2.8
12210,5.3
12211,2.8
12212,3.738461538461538
12213,3.6666666666666665
12214,5.8
12215,3.8
12216,5.5
12217,6.0
12218,6.0
12219,5.0
12220,4.8
12221,3.0
12222,3.8
12223,2.5
12224,5.5
12225,5.8
12226,5.5
12227,5.5
12228,5.5
12229,6.0
12230,6.0
12231,1.8
12232,6.5
12233,4.3
12234,2.25
12235,6.0
12236,6.0
12237,2.5
12238,7.5
12239,4.3
12240,2.3
12241,6.0
12242,6.3
12243,6.0
12244,5.0
12245,7.0
12246,5.5
12247,6.0
12248,2.8
12249,3.0
12250,2.8
12251,2.5
12252,2.4000000000000004
12253,2.5
12254,6.0
12255,4.3
12256,6.046666666666665
12257,5.8
12258,2.5
12259,2.3
12260,2.0
12261,6.8
12262,2.5
12263,5.0
12264,2.5
12265,5.5
12266,2.3
12267,2.8
12268,2.5
12269,2.8
12270,5.0
12271,3.8
12272,6.0
12273,3.8
12274,2.5
12275,2.5
12276,4.0
12277,6.0
12278,3.8
12279,6.5
12280,4.8
12281,4.0
12282,5.5
12283,5.5
12284,6.0
12285,4.0
12286,6.635135135135136
12287,3.0
12288,6.0
12289,2.0
12290,3.5
12291,3.0
12292,2.5
12293,2.8
12294,2.8000000000000003
12295,6.0
12296,6.0
12297,4.410526315789472
12298,2.8
12299,2.0
12300,2.5
12301,5.0
12302,6.0
12303,3.5
12304,2.8
12305,3.0
12306,2.3
12307,3.8
12308,6.5
12309,4.0
12310,6.0
12311,5.5
12312,4.0
12313,6.0
12314,7.5
12315,5.8
12316,2.5
12317,2.3
12318,3.8
12319,3.8
12320,2.5
12321,5.5
12322,5.0
12323,2.8
12324,2.0
12325,1.3
12326,7.8
12327,5.5
12328,2.5
12329,5.5
12330,5.5
12331,5.5
12332,5.5
12333,2.0
12334,6.0
12335,5.5
12336,6.0
12337,4.0
12338,2.5
12339,5.0
12340,2.8
12341,2.0
12342,6.0
12343,6.3
12344,6.0
12345,6.0
12346,3.0
12347,5.5
12348,6.0
12349,5.5
12350,6.5
12351,5.5
12352,6.0
12353,5.0
12354,6.0
12355,4.5
12356,2.8
12357,3.8
12358,7.8
12359,6.0
12360,3.8
12361,3.8
12362,5.3
12363,6.0
12364,2.0500000000000003
12365,6.75
12366,5.5
12367,6.3
12368,5.5
12369,2.4285714285714284
12370,5.8
12371,1.5
12372,5.8
12373,6.0
12374,7.5
12375,6.0
12376,3.0
12377,2.5
12378,6.5
12379,6.0
12380,6.8
12381,6.8
12382,5.5
12383,3.8
12384,7.5
12385,5.5
12386,9.0
12387,6.0
12388,2.5
12389,4.62
12390,6.3
12391,6.0
12392,6.8
12393,2.5
12394,4.0
12395,6.0
12396,5.0
12397,2.8
12398,3.0
12399,5.0
12400,3.625
12401,4.0
12402,2.5
12403,3.5
12404,1.5
12405,3.5
12406,2.5
12407,5.5
12408,6.0
12409,6.5
12410,7.8
12411,5.8
12412,3.4933333333333323
12413,2.3000000000000003
12414,3.738461538461538
12415,6.0
12416,5.0
12417,3.8
12418,5.8
12419,5.5
12420,6.0
12421,6.0
12422,2.8
12423,2.5
12424,6.0
12425,6.8
12426,3.5
12427,6.8
12428,5.5
12429,2.5
12430,3.3
12431,5.0
12432,3.5
12433,2.8
12434,6.3
12435,2.3
12436,6.0
12437,6.0
12438,5.5
12439,3.5
12440,1.5
12441,5.5
12442,5.5
12443,5.5
12444,4.0
12445,6.0
12446,2.3
12447,3.5
12448,3.8
12449,5.5
12450,6.0
12451,3.3
12452,6.0
12453,4.5
12454,2.5
12455,6.3
12456,2.0
12457,2.5
12458,6.0
12459,3.8000000000000003
12460,2.5
12461,5.5
12462,3.0
12463,5.3
12464,5.5
12465,2.5
12466,2.8
12467,5.5
12468,2.8
12469,5.5
12470,5.5
12471,2.3
12472,2.3000000000000003
12473,2.5
12474,5.5
12475,2.8
12476,2.5
12477,2.8
12478,2.0
12479,6.0
12480,1.8
12481,6.0
12482,6.0
12483,6.0
12484,2.0
12485,5.8
12486,2.5
12487,6.0
12488,3.8
12489,6.0
12490,6.0
12491,6.8
12492,3.5
12493,4.0
12494,2.5
12495,2.3000000000000003
12496,9.5
12497,2.0
12498,4.25
12499,2.5
12500,6.0
12501,2.3
12502,3.8
12503,2.5
12504,6.8
12505,3.8
12506,5.0
12507,3.8
12508,6.5
12509,2.5
12510,6.5
12511,3.5
12512,2.2
12513,5.8
12514,7.0
12515,5.0
12516,5.5
12517,5.822222222222221
12518,5.5
12519,3.0
12520,6.0
12521,5.5
12522,4.3
12523,3.8
12524,6.0
12525,2.5
12526,6.0
12527,2.5
12528,6.0
12529,1.8
12530,2.5
12531,3.8
12532,6.0
12533,3.8
12534,4.0
12535,3.0
12536,6.0
12537,4.0
12538,5.8
12539,1.8
12540,3.8
12541,3.8
12542,5.0
12543,2.5
12544,5.5
12545,1.8
12546,5.8
12547,3.0
12548,5.5
12549,3.8
12550,2.0
12551,5.5
12552,6.5
12553,5.0
12554,4.8
12555,5.5
12556,2.0
12557,2.5
12558,6.0
12559,6.8
12560,4.0
12561,2.5
12562,2.5
12563,2.8
12564,7.5
12565,3.8000000000000003
12566,5.5
12567,4.8
12568,2.0
12569,1.3
12570,4.0
12571,5.5
12572,6.0
12573,4.076923076923077
12574,3.8
12575,6.0
12576,3.8
12577,6.0
12578,6.0
12579,5.3
12580,3.7700000000000005
12581,6.5
12582,2.8000000000000003
12583,6.0
12584,5.5
12585,5.5
12586,3.5
12587,5.0
12588,3.8
12589,6.0
12590,6.0
12591,5.5
12592,7.3
12593,6.0
12594,5.8
12595,6.0
12596,6.5
12597,5.5
12598,6.8
12599,5.5
12600,6.5
12601,6.0
12602,6.0
12603,3.0
12604,2.5
12605,6.0
12606,6.5
12607,2.0
12608,2.5
12609,2.5090909090909093
12610,2.8
12611,2.5
12612,2.5
12613,5.5
12614,4.8
12615,2.5
12616,2.0
12617,2.5
12618,5.694444444444445
12619,6.0
12620,1.8
12621,1.3
12622,3.8
12623,6.5
12624,6.0
12625,5.848571428571429
12626,3.0
12627,3.3
12628,1.8
12629,2.3
12630,2.0
12631,6.5
12632,6.5
12633,3.8
12634,2.5
12635,5.8
12636,2.5
12637,5.5
12638,2.3
12639,2.5
12640,2.5
12641,5.0
12642,5.5
12643,2.5
12644,6.0
12645,4.8
12646,4.8
12647,4.0
12648,2.0
12649,6.0
12650,2.3
12651,6.0
12652,2.5
12653,6.0
12654,5.726315789473685
12655,5.0
12656,5.8
12657,1.5
12658,5.5
12659,5.5
12660,1.8
12661,5.0
12662,3.8
12663,3.8
12664,5.3
12665,5.0
12666,6.0
12667,2.5
12668,6.0
12669,3.8
12670,5.8
12671,1.5
12672,4.8
12673,6.0
12674,5.5
12675,7.5
12676,6.0
12677,2.5
12678,2.0
12679,2.3
12680,2.5
12681,1.3
12682,2.5
12683,6.5
12684,6.0
12685,5.5
12686,3.8
12687,2.0
12688,3.8
12689,2.8000000000000003
12690,1.9333333333333333
12691,9.0
12692,9.5
12693,3.8
12694,2.5
12695,2.3
12696,6.0
12697,2.3
12698,5.5
12699,2.8
12700,7.8
12701,5.5
12702,3.0
12703,6.5
12704,5.0
12705,2.0
12706,5.5
12707,6.0
12708,6.0
12709,4.642857142857143
12710,5.5
12711,2.8
12712,5.5
12713,6.5
12714,6.0
12715,3.8
12716,6.3
12717,3.8000000000000003
12718,2.5
12719,3.5
12720,4.75
12721,5.5
12722,6.0
12723,2.5
12724,5.3
12725,3.3
12726,2.5
12727,2.3
12728,6.0
12729,2.5625
12730,5.5
12731,6.0
12732,7.5
12733,5.5
12734,2.3
12735,5.5
12736,3.3
12737,5.5
12738,2.3
12739,4.3
12740,6.3
12741,6.0
12742,2.0
12743,2.0
12744,5.5
12745,6.0
12746,2.5
12747,6.5
12748,6.5
12749,5.5
12750,4.5
12751,6.0
12752,5.5
12753,5.5
12754,5.5
12755,4.0
12756,5.726315789473685
12757,6.0
12758,5.0
12759,6.0
12760,6.8
12761,5.0
12762,5.5
12763,2.4000000000000004
12764,2.5
12765,1.8
12766,3.8
12767,4.0
12768,5.0
12769,5.5
12770,2.3
12771,5.0
12772,6.0
12773,2.8
12774,5.5
12775,6.833333333333333
12776,6.5
12777,6.5
12778,2.0
12779,1.5
12780,4.0
12781,3.3
12782,2.3
12783,3.8
12784,2.5
12785,4.5
12786,2.3
12787,5.0
12788,5.0
12789,2.0
12790,2.5
12791,5.4
12792,3.0
12793,2.0
12794,3.0
12795,6.0
12796,3.5
12797,6.0
12798,2.8
12799,6.0
12800,2.0
12801,6.8
12802,2.5
12803,2.5
12804,6.0
12805,6.3
12806,3.8
12807,5.366666666666666
12808,5.5
12809,6.0
12810,6.3
12811,7.5
12812,4.0
12813,5.5
12814,4.0
12815,2.0
12816,6.0
12817,5.5
12818,6.0
12819,5.5
12820,5.848571428571429
12821,5.8
12822,4.076923076923077
12823,6.3
12824,5.0
12825,2.8
12826,3.8
12827,6.8
12828,4.0
12829,5.3
12830,3.3
12831,5.8
12832,5.5
12833,6.5
12834,6.0
12835,3.8
12836,2.5
12837,6.3
12838,3.8
12839,6.5
12840,5.8
12841,6.0
12842,2.5
12843,5.8
12844,6.046666666666665
12845,2.0
12846,4.5
12847,5.075
12848,6.0
12849,6.0
12850,6.0
12851,5.5
12852,3.5
12853,1.8
12854,7.5
12855,5.5
12856,3.5
12857,5.848571428571429
12858,5.5
12859,1.5
12860,5.5
12861,4.076923076923077
12862,2.3
12863,3.3
12864,2.5
12865,2.8
12866,1.8
12867,3.4933333333333323
12868,2.5
12869,3.3
12870,5.0
12871,5.0
12872,2.8
12873,1.8
12874,5.5
12875,3.5
12876,5.5
12877,5.225
12878,6.3
12879,6.5
12880,5.0
12881,6.8
12882,5.5
12883,4.3
12884,6.25
12885,6.8
12886,5.5
12887,6.3
12888,5.8
12889,3.0
12890,6.5
12891,6.0
12892,3.5
12893,6.0
12894,6.0
12895,2.0
12896,5.0
12897,3.8
12898,5.8
12899,3.5
12900,3.8
12901,5.694444444444445
12902,2.3
12903,2.0
12904,6.0
12905,3.8
12906,2.3
12907,6.0
12908,3.5
12909,6.8
12910,5.5
12911,6.5
12912,2.0
12913,3.8
12914,6.0
12915,4.0
12916,3.0
12917,6.0
12918,3.8000000000000003
12919,1.5
12920,5.5
12921,1.8
12922,3.6666666666666665
12923,6.0
12924,6.3
12925,2.5
12926,2.0
12927,2.8
12928,6.5
12929,2.5
12930,2.5
12931,2.5
12932,7.0
12933,4.0
12934,5.5
12935,4.0
12936,6.0
12937,2.5
12938,6.0
12939,6.5
12940,6.3
12941,2.3
12942,3.8
12943,2.5
12944,6.0
12945,2.5
12946,5.726315789473685
12947,2.3
12948,6.0
12949,5.5
12950,6.8
12951,6.5
12952,3.5
12953,4.076923076923077
12954,5.5
12955,5.0
12956,2.3
12957,3.8
12958,5.8
12959,2.8
12960,3.0
12961,2.3
12962,6.0
12963,6.0
12964,2.3
12965,3.5
12966,6.3
12967,6.56
12968,6.0
12969,2.8
12970,6.5
12971,3.8
12972,2.8
12973,6.0
12974,2.3000000000000003
12975,6.3
12976,5.8
12977,5.0
12978,3.8
12979,5.8
12980,2.5
12981,6.0
12982,6.0
12983,6.0
12984,1.9333333333333333
12985,6.5
12986,6.0
12987,3.8
12988,5.0
12989,6.0
12990,2.0
12991,2.8
12992,5.5
12993,4.5
12994,2.4000000000000004
12995,5.5
12996,2.3
12997,2.5
12998,6.0
12999,6.5
13000,5.8
13001,2.8
13002,2.5999999999999996
13003,6.3
13004,7.5
13005,3.4933333333333323
13006,6.0
13007,4.3
13008,4.25
13009,2.5
13010,5.5
13011,3.8
13012,3.3
13013,6.046666666666665
13014,2.5
13015,5.5
13016,6.0
13017,3.5
13018,6.8
13019,4.3
13020,5.5
13021,5.726315789473685
13022,7.8
13023,6.0
13024,5.8
13025,5.0
13026,2.0
13027,7.0
13028,5.8
13029,5.5
13030,3.8
13031,2.3
13032,3.8
13033,7.5
13034,2.0
13035,3.8
13036,5.5
13037,3.8000000000000003
13038,6.0
13039,2.5
13040,2.8
13041,3.5
13042,2.0
13043,4.3
13044,6.0
13045,5.5
13046,6.0
13047,1.5
13048,4.410526315789472
13049,2.5
13050,5.3
13051,6.0
13052,5.642857142857143
13053,5.5
13054,6.5
13055,2.5
13056,2.5
13057,2.5
13058,5.5
13059,2.5
13060,7.0
13061,5.642857142857143
13062,6.0
13063,6.0
13064,6.0
13065,6.0
13066,2.8
13067,5.5
13068,2.5
13069,1.8
13070,6.0
13071,3.0
13072,1.5
13073,6.8
13074,6.0
13075,6.0
13076,2.34
13077,5.0
13078,6.0
13079,5.5
13080,3.3
13081,7.5
13082,5.848571428571429
13083,5.5
13084,3.0
13085,5.642857142857143
13086,6.8
13087,2.31
13088,6.0
13089,5.0
13090,7.5
13091,6.0
13092,6.0
13093,7.8
13094,4.5
13095,5.5
13096,6.3
13097,6.0
13098,2.8
13099,7.8
13100,2.8
13101,5.5
13102,6.0
13103,2.0
13104,3.0
13105,5.5
13106,6.5
13107,2.5
13108,2.0
13109,5.8
13110,5.8
13111,9.5
13112,5.5
13113,5.5
13114,2.8
13115,6.0
13116,6.0
13117,6.8
13118,3.5
13119,6.0
13120,3.8000000000000003
13121,1.8
13122,3.8000000000000003
13123,6.3
13124,3.8
13125,4.0
13126,2.0
13127,6.5
13128,3.8000000000000003
13129,2.9
13130,6.0
13131,5.726315789473685
13132,6.0
13133,3.3
13134,4.3
13135,2.4285714285714284
13136,5.0
13137,6.5
13138,5.0
13139,6.8
13140,2.5
13141,6.8
13142,7.5
13143,3.8
13144,6.0
13145,5.5
13146,6.3
13147,3.3
13148,4.8
13149,6.0
13150,2.5
13151,5.0
13152,2.8
13153,3.0
13154,4.0
13155,4.0
13156,2.5
13157,6.3
13158,2.0
13159,6.0
13160,2.0
13161,5.5
13162,3.8
13163,4.3
13164,2.8
13165,5.8
13166,5.5
13167,4.0
13168,6.0
13169,4.8
13170,5.5
13171,6.0
13172,2.5
13173,3.5
13174,4.8
13175,5.726315789473685
13176,2.0
13177,6.5
13178,4.5
13179,3.5
13180,7.5
13181,6.0
13182,6.0
13183,6.8
13184,3.5
13185,6.0
13186,5.5
13187,5.5
13188,4.0
13189,3.0
13190,1.8
13191,5.5
13192,6.0
13193,6.0
13194,4.3
13195,2.0
13196,4.8
13197,6.833333333333333
13198,7.0
13199,6.0
13200,1.5
13201,6.0
13202,6.5
13203,5.0
13204,2.5
13205,2.0
13206,3.0
13207,2.8
13208,2.31
13209,6.635135135135136
13210,6.0
13211,6.8
13212,6.0
13213,2.8
13214,5.8
13215,6.0
13216,6.3
13217,3.8000000000000003
13218,4.0
13219,5.5
13220,5.366666666666666
13221,5.5
13222,2.0
13223,2.5
13224,7.8
13225,6.0
13226,6.0
13227,6.5
13228,5.5
13229,6.8
13230,6.5
13231,5.5
13232,4.5
13233,6.3
13234,6.0
13235,5.726315789473685
13236,5.3
13237,7.8
13238,3.8
13239,5.5
13240,6.0
13241,10.0
13242,6.0
13243,5.5
13244,5.5
13245,6.5
13246,7.3
13247,2.0
13248,3.8
13249,2.0
13250,3.8
13251,5.5
13252,7.5
13253,2.0
13254,6.5
13255,6.0
13256,2.5
13257,3.8000000000000003
13258,6.0
13259,2.0
13260,3.8
13261,6.5
13262,5.5
13263,1.5
13264,3.8
13265,6.5
13266,6.8
13267,5.5
13268,5.3
13269,3.8
13270,2.5
13271,6.3
13272,1.5
13273,5.5
13274,2.3
13275,6.5
13276,6.8
13277,5.0
13278,6.0
13279,5.5
13280,4.3
13281,4.3
13282,6.3
13283,2.0
13284,2.0
13285,4.0
13286,5.0
13287,3.8
13288,2.5
13289,1.5
13290,6.635135135135136
13291,2.8
13292,2.3
13293,2.5
13294,4.0
13295,4.0
13296,3.3
13297,2.5
13298,7.5
13299,2.5
13300,2.8
13301,2.8
13302,6.0
13303,5.0
13304,2.8
13305,4.0
13306,2.5
13307,3.8
13308,1.8
13309,5.3
13310,2.8
13311,6.5
13312,6.8
13313,3.0
13314,7.3
13315,2.5
13316,6.0
13317,6.833333333333333
13318,2.8
13319,2.5
13320,5.8
13321,2.0
13322,2.5
13323,1.8
13324,3.5
13325,2.2
13326,3.3
13327,6.0
13328,5.15
13329,6.8
13330,2.0
13331,7.8
13332,6.0
13333,5.8
13334,6.0
13335,3.8
13336,5.5
13337,3.0
13338,1.9333333333333333
13339,2.5
13340,5.5
13341,2.8
13342,4.3
13343,2.3
13344,6.5
13345,3.0
13346,5.5
13347,2.8
13348,6.0
13349,5.5
13350,6.0
13351,7.0
13352,5.0
13353,1.5
13354,3.8
13355,2.5
13356,2.5
13357,2.5
13358,5.8
13359,3.7999999999999994
13360,2.0
13361,2.5
13362,3.0
13363,6.3
13364,6.0
13365,6.8
13366,2.5
13367,2.5
13368,6.5
13369,4.0
13370,2.5
13371,5.822222222222221
13372,5.3
13373,6.0
13374,6.5
13375,6.75
13376,5.5
13377,3.5
13378,5.0
13379,3.3
13380,6.0
13381,2.5
13382,3.8000000000000003
13383,5.5
13384,5.5
13385,2.5
13386,2.5
13387,6.0
13388,6.0
13389,3.3
13390,3.3
13391,3.5
13392,1.5
13393,2.0
13394,5.848571428571429
13395,6.8
13396,4.0
13397,2.5
13398,9.5
13399,3.5
13400,2.0
13401,2.5
13402,5.075
13403,5.5
13404,6.3
13405,1.5
13406,6.0
13407,5.8
13408,2.3
13409,5.8
13410,6.0
13411,2.8
13412,4.0
13413,2.34
13414,2.0
13415,3.5
13416,3.3
13417,3.5
13418,3.0
13419,6.3
13420,9.5
13421,6.0
13422,2.3
13423,5.8
13424,2.5
13425,2.5
13426,3.5
13427,5.5
13428,7.5
13429,2.0
13430,6.0
13431,1.8
13432,2.8
13433,4.0
13434,2.0
13435,5.5
13436,2.5
13437,2.5
13438,1.5
13439,2.3
13440,4.0
13441,6.635135135135136
13442,5.0
13443,5.5
13444,3.8
13445,5.0
13446,1.3
13447,2.0
13448,6.0
13449,5.5
13450,2.0
13451,3.8
13452,6.2
13453,6.0
13454,6.3
13455,6.8
13456,5.5
13457,2.0
13458,3.8
13459,5.5
13460,2.5090909090909093
13461,6.0
13462,5.0
13463,2.3
13464,6.0
13465,3.8000000000000003
13466,3.3
13467,6.3
13468,6.5
13469,2.3
13470,5.0
13471,2.5
13472,3.8000000000000003
13473,9.5
13474,6.5
13475,6.5
13476,2.0500000000000003
13477,1.8000000000000003
13478,4.8
13479,9.0
13480,2.3
13481,5.8
13482,6.0
13483,6.0
13484,2.8
13485,6.0
13486,6.0
13487,5.5
13488,2.0
13489,5.5
13490,1.8
13491,3.8
13492,4.1
13493,2.3
13494,2.8
13495,2.5
13496,2.5
13497,6.0
13498,5.5
13499,3.8000000000000003
13500,5.5
13501,1.5
13502,5.5
13503,5.5
13504,5.5
13505,5.5
13506,7.8
13507,6.0
13508,5.0
13509,4.3
13510,2.5
13511,4.8
13512,4.5
13513,2.3
13514,9.5
13515,5.5
13516,5.694444444444445
13517,9.0
13518,5.5
13519,5.0
13520,6.0
13521,6.8
13522,3.8
13523,2.5
13524,5.0
13525,6.0
13526,5.5
13527,5.5
13528,6.0
13529,6.0
13530,5.5
13531,6.0
13532,3.3
13533,1.5
13534,6.3
13535,5.5
13536,3.3
13537,6.0
13538,5.0
13539,1.8
13540,5.5
13541,6.0
13542,5.0
13543,6.8
13544,2.0
13545,6.0
13546,6.3
13547,3.8
13548,2.5
13549,3.0
13550,3.0
13551,6.0
13552,4.3
13553,6.0
13554,5.5
13555,2.8
13556,5.5
13557,6.0
13558,6.8
13559,5.5
13560,6.0
13561,5.0
13562,6.0
13563,5.0
13564,3.5
13565,2.31
13566,3.5
13567,4.5
13568,2.5
13569,5.5
13570,6.0
13571,2.0
13572,3.7700000000000005
13573,5.0
13574,5.5
13575,5.5
13576,5.5
13577,5.5
13578,2.5
13579,3.3
13580,6.0
13581,2.0
13582,2.5
13583,5.5
13584,5.15
13585,6.635135135135136
13586,5.5
13587,2.3
13588,4.410526315789472
13589,9.0
13590,7.8
13591,3.8
13592,6.3
13593,5.5
13594,5.5
13595,6.0
13596,6.0
13597,5.8
13598,6.0
13599,6.5
13600,5.5
13601,5.5
13602,5.5
13603,2.5
13604,6.0
13605,6.8
13606,4.8
13607,5.5
13608,2.5
13609,6.0
13610,6.0
13611,4.5
13612,6.0
13613,5.5
13614,6.0
13615,5.5
13616,5.5
13617,3.0
13618,3.8
13619,5.5
13620,5.0
13621,1.9333333333333333
13622,5.75
13623,3.8
13624,5.5
13625,2.8
13626,5.3
13627,5.5
13628,3.0
13629,2.5
13630,2.5
13631,6.0
13632,2.5
13633,5.5
13634,2.5
13635,3.0
13636,3.8
13637,4.0
13638,6.8
13639,6.0
13640,5.5
13641,6.0
13642,6.0
13643,5.0
13644,4.62
13645,6.0
13646,6.0
13647,7.5
13648,5.5
13649,2.4285714285714284
13650,3.0
13651,5.5
13652,6.0
13653,3.5
13654,6.8
13655,4.0
13656,5.8
13657,6.0
13658,6.0
13659,2.8
13660,3.5
13661,3.738461538461538
13662,6.0
13663,5.5
13664,6.0
13665,5.5
13666,5.5
13667,4.0
13668,7.8
13669,2.5
13670,1.3
13671,3.8000000000000003
13672,6.0
13673,3.8
13674,3.0
13675,5.5
13676,5.0
13677,6.0
13678,2.0
13679,6.8
13680,5.5
13681,5.5
13682,3.0
13683,1.5
13684,6.0
13685,1.8
13686,6.5
13687,5.5
13688,5.5
13689,3.8
13690,2.3
13691,6.0
13692,5.5
13693,6.0
13694,6.8
13695,3.8
13696,6.3
13697,6.3
13698,6.0
13699,3.5
13700,2.5
13701,6.5
13702,2.3
13703,6.0
13704,6.5
13705,5.5
13706,2.4285714285714284
13707,2.5
13708,2.3
13709,2.5
13710,2.0
13711,2.8
13712,5.5
13713,5.8
13714,2.5
13715,5.75
13716,10.0
13717,5.5
13718,3.8
13719,5.5
13720,5.5
13721,8.1
13722,6.0
13723,6.0
13724,6.8
13725,2.0
13726,6.0
13727,6.3
13728,2.5
13729,6.5
13730,3.3
13731,2.31
13732,3.0
13733,5.5
13734,2.5
13735,6.0
13736,4.0
13737,6.3
13738,2.3
13739,5.0
13740,5.8
13741,5.848571428571429
13742,5.8
13743,6.0
13744,6.0
13745,5.5
13746,2.9
13747,2.8
13748,6.0
13749,4.25
13750,5.8
13751,5.5
13752,2.5
13753,5.5
13754,6.0
13755,3.8
13756,6.0
13757,2.0500000000000003
13758,2.0
13759,2.5
13760,2.5
13761,5.5
13762,3.0
13763,3.8
13764,6.0
13765,5.848571428571429
13766,4.0
13767,2.5
13768,6.5
13769,4.3
13770,5.225
13771,2.5
13772,2.8
13773,5.3
13774,6.0
13775,2.0
13776,2.5
13777,3.8
13778,5.5
13779,3.0
13780,6.5
13781,3.0
13782,2.5
13783,2.3
13784,7.8
13785,5.8
13786,6.0
13787,6.0
13788,6.5
13789,5.0
13790,2.0
13791,3.3
13792,3.8000000000000003
13793,5.3
13794,6.0
13795,6.0
13796,2.8
13797,6.5
13798,2.0
13799,2.125
13800,2.5
13801,6.0
13802,5.0
13803,3.0
13804,2.5
13805,6.8
13806,3.8
13807,6.5
13808,2.5
13809,6.0
13810,4.0
13811,6.0
13812,4.0
13813,3.0
13814,5.0
13815,2.3
13816,4.0
13817,6.0
13818,5.3
13819,2.0
13820,6.0
13821,2.5
13822,6.0
13823,5.848571428571429
13824,2.5
13825,5.5
13826,5.0
13827,3.5
13828,5.5
13829,6.5
13830,6.0
13831,5.5
13832,2.5
13833,6.0
13834,3.4933333333333323
13835,10.0
13836,4.5
13837,9.0
13838,2.5
13839,2.5
13840,2.8
13841,5.5
13842,2.5
13843,7.0
13844,6.3
13845,1.8
13846,10.0
13847,5.5
13848,3.5
13849,2.8
13850,5.5
13851,2.8
13852,6.8
13853,5.5
13854,6.0
13855,1.8
13856,2.31
13857,6.0
13858,2.5
13859,3.8
13860,6.0
13861,3.5
13862,3.8
13863,2.5
13864,6.0
13865,6.0
13866,5.5
13867,2.0
13868,2.8
13869,6.5
13870,6.0
13871,5.5
13872,6.0
13873,5.5
13874,6.0
13875,6.0
13876,6.0
13877,6.5
13878,5.5
13879,7.8
13880,2.5
13881,3.8
13882,4.8
13883,5.3
13884,5.5
13885,5.5
13886,6.0
13887,4.0
13888,1.8
13889,6.0
13890,6.635135135135136
13891,5.5
13892,5.5
13893,5.8
13894,3.5
13895,6.8
13896,6.0
13897,3.3
13898,2.3
13899,4.8
13900,1.8
13901,5.5
13902,6.0
13903,9.0
13904,7.8
13905,2.0
13906,6.0
13907,3.5
13908,2.5
13909,2.5
13910,5.5
13911,6.0
13912,2.5
13913,3.8
13914,4.3
13915,6.5
13916,6.0
13917,1.8
13918,3.3
13919,2.5
13920,5.5
13921,6.0
13922,4.0
13923,5.5
13924,6.8
13925,3.0
13926,6.0
13927,6.0
13928,5.5
13929,2.5
13930,2.8000000000000003
13931,2.31
13932,2.8
13933,6.5
13934,7.8
13935,2.5090909090909093
13936,3.8
13937,2.3
13938,2.8
13939,6.0
13940,6.8
13941,2.3
13942,5.848571428571429
13943,3.8
13944,3.8
13945,5.5
13946,2.3000000000000003
13947,5.5
13948,4.5
13949,3.3
13950,2.0
13951,2.0
13952,6.0
13953,4.62
13954,7.0
13955,2.8
13956,3.8
13957,5.3
13958,6.0
13959,2.5
13960,6.0
13961,4.25
13962,4.8
13963,2.3
13964,5.5
13965,3.3
13966,5.5
13967,6.0
13968,1.5
13969,6.3
13970,5.5
13971,6.0
13972,4.8
13973,3.7700000000000005
13974,2.5
13975,2.5
13976,2.5
13977,6.0
13978,5.0
13979,6.0
13980,5.5
13981,4.0
13982,5.5
13983,5.3
13984,4.8
13985,4.5
13986,2.0
13987,2.0
13988,1.8
13989,6.3
13990,5.0
13991,6.0
13992,9.5
13993,5.5
13994,5.3
13995,6.0
13996,6.0
13997,2.3
13998,6.5
13999,3.8000000000000003
14000,2.34
14001,4.8
14002,2.5
14003,6.0
14004,6.0
14005,5.8
14006,5.5
14007,2.31
14008,5.5
14009,6.3
14010,7.0
14011,1.5
14012,6.8
14013,6.0
14014,5.0
14015,6.0
14016,1.5
14017,2.8
14018,6.0
14019,2.5
14020,3.0
14021,4.410526315789472
14022,6.0
14023,6.8
14024,2.5
14025,6.8
14026,3.8
14027,6.3
14028,5.5
14029,3.8
14030,3.8
14031,5.5
14032,4.0
14033,6.8
14034,6.0
14035,3.8
14036,5.5
14037,6.0
14038,2.5
14039,6.0
14040,5.5
14041,6.0
14042,3.8
14043,7.8
14044,3.8
14045,2.5
14046,2.3000000000000003
14047,6.0
14048,6.0
14049,2.8
14050,6.5
14051,6.0
14052,2.3
14053,1.5
14054,6.0
14055,3.5
14056,3.8
14057,6.0
14058,2.5
14059,3.5
14060,5.8
14061,4.0
14062,5.3
14063,5.0
14064,1.8
14065,5.5
14066,3.8
14067,6.0
14068,2.3
14069,5.8
14070,2.5
14071,2.5
14072,2.3
14073,2.5625
14074,5.5
14075,6.0
14076,6.0
14077,6.2
14078,5.5
14079,3.5
14080,5.5
14081,6.275
14082,2.0
14083,5.8
14084,6.5
14085,2.5
14086,1.8
14087,6.0
14088,2.3
14089,7.5
14090,6.0
14091,1.8
14092,6.0
14093,4.0
14094,3.8
14095,6.8
14096,6.0
14097,2.0
14098,2.5
14099,6.3
14100,1.8
14101,5.3
14102,6.5
14103,4.0
14104,5.5
14105,6.5
14106,2.5
14107,5.5
14108,6.5
14109,3.8
14110,4.642857142857143
14111,4.5
14112,6.5
14113,4.3
14114,6.8
14115,1.8
14116,7.5
14117,6.0
14118,1.8
14119,2.5
14120,2.8
14121,4.0
14122,5.5
14123,2.5
14124,5.5
14125,5.0
14126,6.3
14127,6.0
14128,5.5
14129,5.848571428571429
14130,5.5
14131,6.0
14132,2.5
14133,3.8
14134,5.5
14135,2.3
14136,3.8000000000000003
14137,6.0
14138,5.0
14139,5.5
14140,3.3
14141,5.0
14142,3.5
14143,6.0
14144,6.0
14145,2.5
14146,6.0
14147,6.5
14148,5.5
14149,5.5
14150,6.0
14151,2.0500000000000003
14152,4.8
14153,3.8
14154,5.0
14155,3.0
14156,5.5
14157,5.075
14158,6.0
14159,6.5
14160,6.0
14161,2.0
14162,2.5
14163,5.0
14164,6.8
14165,3.6
14166,3.5
14167,3.3
14168,3.8
14169,2.5
14170,6.8
14171,6.0
14172,5.5
14173,2.8
14174,2.3
14175,2.0
14176,3.5
14177,1.8
14178,6.0
14179,7.0
14180,2.5
14181,6.8
14182,5.5
14183,3.5
14184,5.8
14185,3.3
14186,10.0
14187,4.5
14188,5.5
14189,2.3
14190,3.8
14191,2.3
14192,4.0
14193,5.5
14194,6.0
14195,2.5
14196,5.5
14197,5.8
14198,2.5
14199,6.0
14200,3.8
14201,5.5
14202,6.0
14203,6.0
14204,6.8
14205,3.8
14206,5.5
14207,1.3
14208,2.0500000000000003
14209,4.076923076923077
14210,7.5
14211,5.5
14212,6.0
14213,2.0
14214,6.0
14215,2.3
14216,6.3
14217,2.5
14218,5.5
14219,3.8000000000000003
14220,6.0
14221,5.5
14222,2.8
14223,6.0
14224,6.3
14225,2.8
14226,3.8
14227,6.5
14228,2.8
14229,5.5
14230,4.5
14231,5.5
14232,6.5
14233,5.5
14234,5.5
14235,5.033333333333334
14236,4.0
14237,1.5
14238,2.3
14239,4.8
14240,6.0
14241,5.0
14242,6.3
14243,6.0
14244,5.5
14245,4.0
14246,6.5
14247,5.848571428571429
14248,2.0
14249,2.5
14250,2.8
14251,6.0
14252,5.8
14253,3.5
14254,2.0
14255,2.3000000000000003
14256,2.5
14257,6.8
14258,3.8000000000000003
14259,6.0
14260,2.3
14261,5.5
14262,1.3
14263,5.5
14264,6.5
14265,6.5
14266,5.5
14267,5.5
14268,2.5
14269,3.0
14270,6.0
14271,4.0
14272,2.0
14273,4.0
14274,3.0
14275,4.0
14276,6.0
14277,3.3
14278,5.5
14279,2.5
14280,6.2
14281,3.8000000000000003
14282,5.0
14283,3.8
14284,6.0
14285,6.0
14286,2.0
14287,2.0
14288,2.8
14289,5.5
14290,2.3
14291,6.5
14292,3.0
14293,6.5
14294,4.076923076923077
14295,4.3
14296,6.5
14297,5.666666666666667
14298,7.8
14299,2.5
14300,7.8
14301,6.0
14302,6.5
14303,1.3
14304,3.0
14305,1.5
14306,6.5
14307,2.5
14308,3.3
14309,2.5
14310,2.5
14311,6.0
14312,5.366666666666666
14313,6.0
14314,6.5
14315,5.3
14316,6.8
14317,5.3
14318,5.5
14319,2.31
14320,4.0
14321,1.8
14322,5.848571428571429
14323,8.1
14324,2.5
14325,2.0
14326,2.3
14327,5.3
14328,5.5
14329,3.7700000000000005
14330,3.8000000000000003
14331,5.5
14332,4.8
14333,6.5
14334,5.0
14335,5.5
14336,3.8
14337,3.8
14338,5.8
14339,2.3
14340,2.0
14341,5.5
14342,5.5
14343,2.5
14344,5.8
14345,3.5
14346,6.0
14347,4.642857142857143
14348,6.0
14349,5.8
14350,5.0
14351,2.0
14352,5.5
14353,5.5
14354,5.8
14355,3.8
14356,5.225
14357,5.5
14358,5.642857142857143
14359,2.8
14360,6.0
14361,6.0
14362,5.0
14363,8.0
14364,6.0
14365,4.0
14366,6.5
14367,3.5
14368,2.34
14369,6.5
14370,4.8
14371,3.3
14372,3.8
14373,6.0
14374,9.5
14375,6.046666666666665
14376,5.0
14377,5.3
14378,6.0
14379,6.3
14380,3.0
14381,6.0
14382,2.5
14383,3.8
14384,6.0
14385,5.5
14386,3.0
14387,4.0
14388,2.5
14389,3.8
14390,3.5
14391,7.3
14392,9.5
14393,5.3
14394,5.694444444444445
14395,3.8
14396,5.8
14397,6.5
14398,2.34
14399,2.0
14400,5.8
14401,5.5
14402,4.076923076923077
14403,6.0
14404,2.5
14405,3.5
14406,2.0
14407,6.0
14408,6.0
14409,2.5
14410,5.8
14411,5.5
14412,3.8
14413,2.5
14414,4.3
14415,3.0
14416,6.0
14417,6.8
14418,3.3
14419,4.0
14420,5.5
14421,7.0
14422,7.8
14423,6.5
14424,2.5
14425,3.8000000000000003
14426,6.5
14427,1.8
14428,2.3
14429,3.3
14430,4.0
14431,2.5
14432,5.5
14433,3.8
14434,6.0
14435,5.5
14436,3.8
14437,3.0
14438,6.0
14439,5.694444444444445
14440,5.5
14441,2.8
14442,5.8
14443,5.5
14444,6.0
14445,5.3
14446,3.8
14447,6.0
14448,4.3
14449,2.3
14450,7.0
14451,3.5
14452,1.3
14453,6.0
14454,6.5
14455,1.8
14456,5.5
14457,5.5
14458,3.8
14459,5.8
14460,5.5
14461,5.8
14462,6.0
14463,2.3
14464,6.3
14465,5.5
14466,6.8
14467,4.3
14468,6.0
14469,5.5
14470,6.0
14471,2.5
14472,5.5
14473,5.0
14474,3.8
14475,6.0
14476,5.5
14477,6.0
14478,6.0
14479,6.0
14480,2.8
14481,5.5
14482,3.5
14483,3.8
14484,6.5
14485,6.0
14486,6.5
14487,5.8
14488,2.0
14489,2.8
14490,1.8
14491,2.5
14492,6.8
14493,6.0
14494,7.5
14495,2.5
14496,6.0
14497,5.8
14498,4.0
14499,5.8
14500,6.5
14501,2.0
14502,2.0
14503,3.8
14504,6.0
14505,4.0
14506,2.8
14507,6.0
14508,5.5
14509,6.5
14510,6.0
14511,7.5
14512,1.3
14513,5.3
14514,6.046666666666665
14515,6.8
14516,5.5
14517,2.5
14518,5.8
14519,3.4933333333333323
14520,3.5
14521,4.0
14522,6.0
14523,1.8
14524,3.8
14525,6.5
14526,6.0
14527,6.0
14528,2.0
14529,5.5
14530,6.0
14531,6.0
14532,4.410526315789472
14533,3.8
14534,6.8
14535,2.0
14536,2.3
14537,7.5
14538,5.8
14539,5.5
14540,7.8
14541,6.3
14542,6.0
14543,6.0
14544,5.5
14545,5.8
14546,1.8
14547,2.31
14548,6.0
14549,3.5
14550,6.5
14551,3.8
14552,6.0
14553,5.5
14554,2.8
14555,4.0
14556,3.5
14557,2.0500000000000003
14558,7.0
14559,5.0
14560,6.0
14561,2.5
14562,6.0
14563,3.5
14564,2.3
14565,5.8
14566,5.5
14567,6.0
14568,3.0
14569,5.5
14570,6.0
14571,5.5
14572,2.5
14573,5.5
14574,8.5
14575,1.5
14576,4.3
14577,3.5
14578,4.0
14579,6.635135135135136
14580,5.5
14581,2.8
14582,6.5
14583,2.5
14584,2.5
14585,6.0
14586,6.0
14587,3.8
14588,9.0
14589,2.5
14590,3.5
14591,5.5
14592,5.5
14593,4.0
14594,6.0
14595,5.5
14596,6.275
14597,6.0
14598,4.5
14599,3.8
14600,2.0500000000000003
14601,6.0
14602,1.8
14603,4.0
14604,3.8
14605,6.0
14606,2.3
14607,6.0
14608,6.0
14609,4.0
14610,5.5
14611,5.0
14612,1.5
14613,6.0
14614,5.8
14615,6.0
14616,2.0
14617,3.8
14618,2.3
14619,4.0
14620,5.5
14621,5.5
14622,1.8
14623,2.5
14624,5.848571428571429
14625,5.8
14626,4.5
14627,2.0500000000000003
14628,6.5
14629,2.3
14630,2.5
14631,2.8
14632,2.5
14633,5.8
14634,6.0
14635,6.0
14636,6.8
14637,2.5
14638,6.5
14639,6.0
14640,2.5
14641,6.0
14642,3.0
14643,4.5
14644,2.5
14645,4.0
14646,5.0
14647,6.3
14648,6.5
14649,2.5
14650,6.0
14651,2.5
14652,5.8
14653,5.5
14654,2.0500000000000003
14655,2.5
14656,6.0
14657,6.0
14658,6.0
14659,5.5
14660,6.0
14661,2.31
14662,6.3
14663,6.0
14664,6.0
14665,4.0
14666,6.0
14667,5.5
14668,2.0
14669,2.5
14670,3.8
14671,6.0
14672,5.8
14673,5.0
14674,2.5
14675,5.5
14676,2.5
14677,2.5
14678,3.3
14679,5.5
14680,2.5
14681,2.5
14682,5.5
14683,4.5
14684,6.0
14685,2.5
14686,5.8
14687,2.0
14688,4.785714285714286
14689,3.5
14690,2.0
14691,2.0
14692,6.0
14693,5.5
14694,5.8
14695,3.8
14696,5.5
14697,6.0
14698,6.8
14699,3.5
14700,6.0
14701,5.5
14702,6.5
14703,2.5
14704,5.5
14705,2.5
14706,6.0
14707,3.8
14708,6.0
14709,5.8
14710,2.0
14711,2.0
14712,6.3
14713,6.0
14714,2.5
14715,2.8
14716,1.8
14717,2.5
14718,5.5
14719,5.5
14720,5.0
14721,4.8
14722,5.5
14723,5.3
14724,5.8
14725,2.8
14726,6.0
14727,3.8
14728,6.0
14729,2.5
14730,1.8
14731,8.5
14732,6.0
14733,6.0
14734,5.5
14735,5.8
14736,6.8
14737,6.0
14738,4.0
14739,5.5
14740,6.0
14741,2.5
14742,5.5
14743,4.5
14744,5.5
14745,2.8
14746,4.3
14747,6.0
14748,2.3
14749,5.0
14750,2.0500000000000003
14751,2.5
14752,5.5
14753,5.0
14754,2.0
14755,5.5
14756,3.0
14757,4.0
14758,2.0
14759,6.0
14760,2.5
14761,2.5
14762,6.0
14763,7.5
14764,4.410526315789472
14765,5.5
14766,5.0
14767,6.0
14768,3.8
14769,5.5
14770,4.0
14771,2.34
14772,5.5
14773,6.0
14774,6.0
14775,5.5
14776,5.5
14777,6.0
14778,7.0
14779,6.0
14780,5.0
14781,6.0
14782,2.5
14783,3.0
14784,6.2
14785,10.0
14786,5.6875
14787,3.8
14788,5.5
14789,5.8
14790,6.0
14791,5.0
14792,5.5
14793,6.0
14794,5.8
14795,2.0
14796,3.0
14797,3.8
14798,5.5
14799,4.3
14800,6.0
14801,3.0
14802,5.3
14803,6.0
14804,5.5
14805,3.8
14806,1.8
14807,2.5
14808,6.0
14809,1.5
14810,6.0
14811,3.8
14812,2.5
14813,5.75
14814,2.5
14815,3.8
14816,3.0
14817,2.5
14818,4.0
14819,6.0
14820,6.0
14821,2.5
14822,4.0
14823,5.0
14824,3.8
14825,3.8
14826,5.8
14827,2.3
14828,6.0
14829,3.5
14830,6.3
14831,2.3
14832,6.0
14833,6.0
14834,7.5
14835,4.0
14836,5.5
14837,7.5
14838,5.5
14839,5.0
14840,6.8
14841,6.0
14842,4.3
14843,2.5
14844,4.5
14845,2.0
14846,1.5
14847,3.0
14848,2.8
14849,2.125
14850,3.8
14851,6.0
14852,2.3
14853,3.8
14854,3.8
14855,6.3
14856,9.5
14857,3.8
14858,2.5
14859,5.5
14860,5.726315789473685
14861,6.0
14862,6.635135135135136
14863,6.8
14864,6.3
14865,2.5
14866,6.8
14867,2.31
14868,5.5
14869,2.0
14870,6.8
14871,6.0
14872,10.0
14873,2.0
14874,5.5
14875,2.3
14876,2.34
14877,5.5
14878,2.0
14879,5.0
14880,5.5
14881,5.5
14882,6.0
14883,5.0
14884,6.0
14885,6.8
14886,6.5
14887,5.3
14888,2.5
14889,3.0
14890,5.5
14891,6.8
14892,2.8
14893,5.8
14894,6.8
14895,4.3
14896,3.8
14897,1.8
14898,5.5
14899,5.5
14900,2.5
14901,6.0
14902,5.5
14903,3.8
14904,3.0
14905,3.65
14906,4.0
14907,5.5
14908,6.0
14909,5.5
14910,6.0
14911,4.410526315789472
14912,5.8
14913,3.5
14914,2.3
14915,6.5
14916,2.3
14917,3.738461538461538
14918,9.0
14919,5.5
14920,4.0
14921,3.0
14922,3.5
14923,4.5
14924,2.5
14925,5.0
14926,2.5
14927,4.8
14928,4.076923076923077
14929,2.8
14930,6.0
14931,2.5
14932,7.5
14933,6.0
14934,6.275
14935,6.0
14936,6.0
14937,2.5
14938,5.3
14939,5.8
14940,2.5
14941,8.0
14942,6.0
14943,6.8
14944,2.5
14945,5.0
14946,6.0
14947,3.8
14948,6.0
14949,6.0
14950,6.0
14951,2.8
14952,6.5
14953,6.3
14954,3.8
14955,5.5
14956,2.5625
14957,3.8
14958,5.5
14959,5.694444444444445
14960,1.8
14961,9.5
14962,6.0
14963,5.0
14964,2.5
14965,2.9
14966,6.0
14967,6.0
14968,1.5
14969,3.0
14970,8.25
14971,6.0
14972,5.8
14973,2.8
14974,6.0
14975,3.8000000000000003
14976,3.3
14977,1.5
14978,2.0
14979,6.5
14980,4.0
14981,4.785714285714286
14982,2.0
14983,4.0
14984,5.5
14985,5.5
14986,5.848571428571429
14987,6.8
14988,5.5
14989,5.0
14990,6.5
14991,5.0
14992,3.8
14993,7.5
14994,3.0
14995,2.5
14996,2.8
14997,2.8
14998,2.5
14999,5.5
15000,6.0
15001,6.0
15002,5.5
15003,8.0
15004,1.5
15005,3.5
15006,6.75
15007,5.0
15008,6.0
15009,5.5
15010,5.0
15011,6.046666666666665
15012,3.0
15013,1.5
15014,5.5
15015,6.0
15016,4.3
15017,2.8
15018,5.8
15019,2.5
15020,6.0
15021,5.75
15022,5.0
15023,2.3
15024,2.5
15025,2.5
15026,2.8
15027,7.0
15028,5.5
15029,6.5
15030,6.0
15031,4.3
15032,6.8
15033,6.8
15034,2.5
15035,6.0
15036,2.4000000000000004
15037,4.0
15038,4.3
15039,2.0
15040,5.0
15041,5.5
15042,3.8
15043,6.0
15044,5.5
15045,1.5
15046,6.3
15047,5.5
15048,5.5
15049,5.8
15050,2.5
15051,2.31
15052,5.8
15053,4.0
15054,5.0
15055,3.8
15056,6.0
15057,4.8
15058,5.5
15059,6.8
15060,2.5
15061,5.5
15062,6.0
15063,6.0
15064,1.5
15065,2.3
15066,5.8
15067,5.0
15068,6.0
15069,6.0
15070,5.5
15071,4.0
15072,5.5
15073,5.5
15074,6.0
15075,3.0
15076,5.0
15077,5.5
15078,6.0
15079,6.8
15080,2.0
15081,6.3
15082,4.0
15083,2.0
15084,6.5
15085,3.8
15086,1.5
15087,4.0
15088,6.0
15089,6.0
15090,6.0
15091,6.5
15092,5.6875
15093,6.0
15094,6.0
15095,3.5
15096,2.5
15097,3.8
15098,6.0
15099,2.5
15100,4.3
15101,6.5
15102,6.635135135135136
15103,5.033333333333334
15104,3.8
15105,5.8
15106,5.5
15107,4.076923076923077
15108,6.0
15109,6.0
15110,3.8
15111,6.0
15112,6.0
15113,7.8
15114,4.0
15115,5.5
15116,6.0
15117,5.5
15118,5.5
15119,2.5
15120,2.0
15121,6.3
15122,3.5
15123,2.5
15124,6.0
15125,5.5
15126,2.3
15127,5.5
15128,5.5
15129,5.0
15130,3.5
15131,6.0
15132,6.0
15133,6.0
15134,6.0
15135,3.0
15136,2.3
15137,2.0
15138,7.5
15139,3.8
15140,5.6875
15141,2.0
15142,6.0
15143,6.8
15144,5.6
15145,5.8
15146,2.5
15147,2.5
15148,6.0
15149,3.8
15150,6.0
15151,2.8
15152,2.8
15153,6.8
15154,6.0
15155,3.5
15156,2.8
15157,2.3
15158,6.5
15159,5.0
15160,1.8
15161,6.635135135135136
15162,2.5090909090909093
15163,6.0
15164,3.8
15165,5.5
15166,4.9399999999999995
15167,7.5
15168,6.0
15169,6.3
15170,6.0
15171,5.5
15172,5.6875
15173,4.410526315789472
15174,5.848571428571429
15175,6.0
15176,1.8
15177,4.0
15178,3.5
15179,5.5
15180,2.5
15181,2.5
15182,6.0
15183,2.5
15184,3.8
15185,3.8
15186,6.0
15187,2.5
15188,3.8
15189,2.8
15190,6.0
15191,2.8
15192,6.0
15193,6.0
15194,6.0
15195,7.8
15196,6.3
15197,2.2
15198,6.5
15199,2.8
15200,3.0
15201,2.0500000000000003
15202,2.0
15203,6.0
15204,4.5
15205,6.3
15206,3.0
15207,2.8
15208,2.5
15209,5.5
15210,6.0
15211,6.0
15212,2.0
15213,1.5
15214,3.0
15215,5.5
15216,4.5
15217,2.3
15218,2.5
15219,3.5
15220,3.0
15221,3.5
15222,6.0
15223,7.5
15224,2.3000000000000003
15225,6.0
15226,2.5
15227,4.5
15228,5.0
15229,2.8
15230,2.5
15231,5.5
15232,5.3
15233,3.5
15234,6.0
15235,6.0
15236,5.0
15237,3.8
15238,5.0
15239,6.0
15240,3.0
15241,5.0
15242,5.0
15243,2.5
15244,1.8
15245,1.8
15246,9.5
15247,6.0
15248,6.0
15249,5.5
15250,6.0
15251,2.8
15252,5.5
15253,5.8
15254,5.8
15255,5.5
15256,6.0
15257,1.8
15258,5.5
15259,2.5
15260,4.0
15261,6.25
15262,5.0
15263,2.8
15264,5.8
15265,6.0
15266,7.8
15267,6.0
15268,6.0
15269,4.25
15270,6.3
15271,5.0
15272,5.5
15273,1.8
15274,3.3
15275,4.0
15276,3.0
15277,5.8
15278,5.726315789473685
15279,7.3
15280,2.3
15281,5.5
15282,5.4
15283,2.8
15284,2.3
15285,2.5
15286,4.5
15287,3.8
15288,5.5
15289,2.3
15290,2.8
15291,6.0
15292,4.0
15293,6.8
15294,6.3
15295,2.8
15296,5.848571428571429
15297,6.8
15298,5.5
15299,5.5
15300,3.8
15301,6.0
15302,5.5
15303,4.3
15304,5.5
15305,6.5
15306,3.0
15307,6.0
15308,6.8
15309,5.5
15310,6.0
15311,5.5
15312,6.046666666666665
15313,2.0
15314,3.5
15315,6.0
15316,6.0
15317,6.5
15318,2.5090909090909093
15319,6.0
15320,3.5
15321,6.0
15322,5.5
15323,5.5
15324,2.0
15325,3.5
15326,3.8
15327,5.0
15328,2.0
15329,7.5
15330,5.8
15331,2.8
15332,2.0
15333,6.5
15334,3.5
15335,5.5
15336,6.046666666666665
15337,5.5
15338,4.0
15339,6.0
15340,6.0
15341,3.8000000000000003
15342,4.0
15343,3.8
15344,4.0
15345,5.5
15346,6.0
15347,4.3
15348,3.4933333333333323
15349,2.8
15350,4.3
15351,6.0
15352,3.3
15353,2.8
15354,3.5
15355,10.0
15356,6.0
15357,2.3
15358,6.8
15359,5.0
15360,6.0
15361,5.5
15362,6.0
15363,6.0
15364,6.5
15365,5.0
15366,5.5
15367,2.3
15368,3.3
15369,6.8
15370,5.5
15371,4.0
15372,6.0
15373,2.5
15374,3.8
15375,2.0
15376,5.5
15377,6.5
15378,2.8
15379,2.5
15380,6.0
15381,2.5
15382,2.0
15383,6.0
15384,5.5
15385,6.0
15386,4.8
15387,6.0
15388,7.5
15389,6.0
15390,5.5
15391,2.8
15392,6.0
15393,6.0
15394,6.3
15395,3.3
15396,5.5
15397,3.3
15398,2.8
15399,6.8
15400,4.3
15401,6.635135135135136
15402,5.0
15403,2.34
15404,4.5
15405,6.0
15406,6.0
15407,4.0
15408,2.5
15409,2.5
15410,2.5
15411,5.5
15412,6.0
15413,5.0
15414,2.5
15415,6.0
15416,4.0
15417,3.8000000000000003
15418,3.8
15419,6.0
15420,5.0
15421,7.8
15422,6.0
15423,2.125
15424,6.0
15425,3.0
15426,3.5
15427,6.0
15428,6.3
15429,2.0
15430,5.5
15431,1.5
15432,2.3
15433,6.0
15434,6.0
15435,4.5
15436,3.8000000000000003
15437,2.8
15438,6.0
15439,3.6666666666666665
15440,5.5
15441,5.8
15442,8.5
15443,5.5
15444,2.5
15445,3.8
15446,5.5
15447,2.0
15448,4.3
15449,5.3
15450,2.0
15451,5.848571428571429
15452,5.5
15453,5.8
15454,3.5
15455,2.3000000000000003
15456,5.5
15457,2.3
15458,4.3
15459,5.5
15460,5.5
15461,3.0
15462,2.8
15463,6.0
15464,2.5
15465,2.3
15466,5.8
15467,6.0
15468,6.0
15469,5.3
15470,5.8
15471,1.8
15472,6.0
15473,5.5
15474,2.8
15475,6.0
15476,3.8
15477,4.0
15478,2.5
15479,5.0
15480,5.0
15481,2.8
15482,5.8
15483,5.5
15484,6.635135135135136
15485,2.3
15486,6.0
15487,4.0
15488,6.0
15489,4.0
15490,2.0
15491,2.0
15492,5.3
15493,6.0
15494,6.3
15495,6.8
15496,2.8
15497,2.8
15498,5.8
15499,6.5
15500,2.8
15501,5.642857142857143
15502,3.5
15503,6.0
15504,5.5
15505,5.5
15506,6.0
15507,6.0
15508,5.3
15509,6.3
15510,4.8
15511,5.5
15512,5.5
15513,5.8
15514,4.3
15515,5.5
15516,6.8
15517,6.0
15518,6.8
15519,5.5
15520,5.8
15521,5.8
15522,3.8
15523,6.0
15524,7.8
15525,3.4933333333333323
15526,3.8
15527,5.5
15528,5.5
15529,2.3
15530,3.8000000000000003
15531,2.5
15532,3.8
15533,6.0
15534,4.0
15535,6.5
15536,6.5
15537,5.5
15538,3.8
15539,5.5
15540,4.0
15541,6.046666666666665
15542,5.0
15543,4.3
15544,5.5
15545,6.3
15546,5.5
15547,4.5
15548,5.694444444444445
15549,3.8
15550,4.3
15551,3.8
15552,5.3
15553,8.5
15554,3.3
15555,2.0
15556,6.0
15557,3.0
15558,2.5
15559,2.8
15560,2.8
15561,4.0
15562,3.8
15563,5.642857142857143
15564,2.5
15565,6.5
15566,6.0
15567,6.0
15568,6.0
15569,2.5
15570,2.5
15571,5.5
15572,3.8
15573,2.5
15574,6.0
15575,5.0
15576,6.0
15577,1.5
15578,5.3
15579,3.8000000000000003
15580,2.5
15581,6.2
15582,2.5
15583,2.34
15584,4.8
15585,5.5
15586,4.0
15587,6.0
15588,4.0
15589,6.0
15590,5.5
15591,3.8
15592,5.5
15593,5.726315789473685
15594,6.0
15595,3.5
15596,2.5
15597,5.5
15598,5.5
15599,2.0
15600,3.8
15601,8.5
15602,1.3
15603,3.3
15604,3.4933333333333323
15605,6.3
15606,6.0
15607,4.076923076923077
15608,2.5
15609,6.0
15610,3.5
15611,3.8
15612,5.5
15613,4.8
15614,5.5
15615,2.5
15616,5.0
15617,6.8
15618,2.5
15619,9.5
15620,2.8
15621,4.8
15622,4.0
15623,4.166666666666667
15624,4.0
15625,5.5
15626,5.5
15627,2.5
15628,6.0
15629,2.5
15630,6.0
15631,1.3
15632,2.3
15633,2.5
15634,2.8
15635,3.8
15636,2.5
15637,3.5
15638,2.5
15639,2.8
15640,5.5
15641,5.5
15642,2.8
15643,5.8
15644,4.8
15645,5.5
15646,6.8
15647,6.0
15648,3.0
15649,5.5
15650,3.8
15651,6.0
15652,6.0
15653,3.3
15654,2.8
15655,2.3000000000000003
15656,3.5
15657,4.0
15658,1.8
15659,5.5
15660,5.0
15661,3.5
15662,6.0
15663,5.5
15664,5.0
15665,2.3000000000000003
15666,6.0
15667,6.0
15668,2.5
15669,5.5
15670,2.5
15671,6.0
15672,6.8
15673,5.5
15674,2.5
15675,6.0
15676,4.0
15677,2.5
15678,2.5
15679,5.5
15680,6.8
15681,6.0
15682,7.0
15683,5.5
15684,2.5
15685,2.5
15686,5.5
15687,6.5
15688,5.5
15689,2.5
15690,2.2
15691,6.3
15692,5.5
15693,3.0
15694,6.0
15695,3.8
15696,6.8
15697,5.8
15698,7.5
15699,6.0
15700,5.726315789473685
15701,2.5
15702,6.5
15703,6.3
15704,3.5
15705,6.0
15706,5.5
15707,6.635135135135136
15708,6.0
15709,2.8
15710,8.0
15711,3.5
15712,5.5
15713,6.0
15714,5.5
15715,3.5
15716,5.5
15717,5.8
15718,5.5
15719,3.8
15720,6.3
15721,6.0
15722,2.5
15723,5.8
15724,2.0
15725,5.8
15726,5.5
15727,3.8
15728,10.0
15729,6.0
15730,2.3
15731,2.5
15732,5.0
15733,5.0
15734,2.3
15735,6.0
15736,6.0
15737,5.0
15738,3.5
15739,6.0
15740,6.0
15741,2.4285714285714284
15742,5.0
15743,3.8
15744,6.8
15745,3.8000000000000003
15746,2.0
15747,9.0
15748,6.3
15749,6.3
15750,6.0
15751,2.5
15752,6.0
15753,2.3
15754,6.0
15755,5.5
15756,7.0
15757,2.5
15758,5.5
15759,6.0
15760,4.0
15761,6.8
15762,5.5
15763,5.8
15764,6.3
15765,6.0
15766,2.5
15767,6.3
15768,5.5
15769,2.8
15770,7.0
15771,2.5
15772,6.0
15773,5.8
15774,2.8
15775,5.8
15776,2.9250000000000003
15777,1.8499999999999999
15778,2.5
15779,5.5
15780,2.3
15781,5.5
15782,6.8
15783,6.0
15784,4.0
15785,4.3
15786,3.5
15787,3.8
15788,2.0
15789,6.0
15790,2.5
15791,4.0
15792,6.0
15793,5.0
15794,3.0
15795,3.8
15796,5.5
15797,6.0
15798,4.0
15799,5.5
15800,3.8
15801,5.694444444444445
15802,7.8
15803,5.5
15804,2.5
15805,6.0
15806,4.0
15807,6.0
15808,6.0
15809,6.3
15810,2.3
15811,3.8
15812,2.5
15813,5.0
15814,5.5
15815,4.8
15816,3.0
15817,4.8
15818,5.5
15819,5.5
15820,5.5
15821,2.0
15822,6.0
15823,2.3
15824,6.0
15825,5.5
15826,7.5
15827,6.0
15828,5.5
15829,2.5
15830,2.3
15831,5.5
15832,5.848571428571429
15833,5.3
15834,3.5
15835,7.5
15836,5.5
15837,5.5
15838,5.5
15839,6.8
15840,5.0
15841,3.8
15842,2.5
15843,6.0
15844,7.8
15845,5.3
15846,5.8
15847,2.4285714285714284
15848,2.3
15849,5.8
15850,6.0
15851,6.0
15852,5.5
15853,6.0
15854,6.8
15855,6.0
15856,5.5
15857,2.5
15858,6.0
15859,6.0
15860,3.5
15861,2.8
15862,5.5
15863,7.5
15864,4.5
15865,5.5
15866,6.8
15867,5.0
15868,2.5
15869,2.5
15870,6.5
15871,3.0
15872,5.822222222222221
15873,5.0
15874,3.8
15875,5.5
15876,6.0
15877,3.8
15878,5.0
15879,2.0
15880,1.8
15881,3.0
15882,2.8
15883,6.8
15884,5.6875
15885,6.5
15886,5.0
15887,1.5
15888,6.0
15889,4.0
15890,6.0
15891,3.8
15892,6.5
15893,2.5
15894,4.0
15895,5.4
15896,4.3
15897,5.8
15898,4.8
15899,6.0
15900,4.0
15901,4.3
15902,5.5
15903,5.5
15904,2.0
15905,6.0
15906,5.8
15907,7.0
15908,6.0
15909,6.0
15910,6.3
15911,9.5
15912,3.0
15913,5.5
15914,2.8
15915,5.8
15916,3.3
15917,2.5
15918,2.0
15919,2.0
15920,6.0
15921,2.5
15922,5.848571428571429
15923,6.0
15924,2.5
15925,3.8
15926,2.5
15927,3.8
15928,5.3
15929,1.8
15930,4.3
15931,6.0
15932,3.5
15933,2.34
15934,1.5
15935,1.5
15936,3.0
15937,6.635135135135136
15938,6.0
15939,5.0
15940,4.3
15941,2.3
15942,2.5
15943,5.3
15944,6.0
15945,6.8
15946,4.0
15947,6.0
15948,3.3
15949,6.5
15950,2.31
15951,6.0
15952,2.5
15953,5.0
15954,6.5
15955,2.5
15956,3.5
15957,4.5
15958,5.5
15959,5.5
15960,6.0
15961,6.5
15962,6.8
15963,2.5
15964,2.3
15965,6.0
15966,2.3
15967,5.0
15968,6.0
15969,4.0
15970,6.0
15971,2.8
15972,5.6
15973,2.3
15974,2.5
15975,4.5
15976,6.0
15977,5.5
15978,6.0
15979,6.0
15980,2.8
15981,5.0
15982,3.0
15983,2.8
15984,5.8
15985,9.5
15986,2.5
15987,3.4933333333333323
15988,2.4000000000000004
15989,6.5
15990,1.5
15991,6.0
15992,5.5
15993,3.5
15994,5.0
15995,4.8
15996,3.625
15997,5.0
15998,4.0
15999,2.5
16000,5.5
16001,3.3
16002,6.5
16003,5.5
16004,6.0
16005,5.5
16006,4.0
16007,3.8
16008,4.5
16009,4.5
16010,2.5
16011,5.5
16012,4.0
16013,3.5
16014,5.8
16015,6.0
16016,6.0
16017,7.0
16018,6.0
16019,3.8
16020,5.0
16021,6.0
16022,3.5
16023,6.0
16024,7.0
16025,2.0
16026,2.5
16027,7.8
16028,5.0
16029,2.8
16030,6.5
16031,5.8
16032,2.5
16033,2.5
16034,6.0
16035,5.5
16036,3.8
16037,6.8
16038,10.0
16039,3.5
16040,6.3
16041,5.8
16042,2.5
16043,6.75
16044,6.0
16045,5.726315789473685
16046,5.5
16047,5.5
16048,2.5
16049,3.5
16050,3.3
16051,5.5
16052,3.5
16053,6.5
16054,6.0
16055,3.5
16056,5.5
16057,6.0
16058,6.8
16059,2.5625
16060,2.5
16061,5.8
16062,2.0
16063,2.5
16064,5.5
16065,6.0
16066,6.0
16067,5.8
16068,6.8
16069,5.5
16070,6.5
16071,6.0
16072,3.3
16073,1.5
16074,2.5
16075,6.0
16076,5.5
16077,7.0
16078,3.8
16079,2.5
16080,6.0
16081,3.8
16082,6.0
16083,2.0
16084,3.3
16085,6.0
16086,3.8
16087,2.3
16088,4.0
16089,2.8
16090,6.0
16091,6.5
16092,3.4933333333333323
16093,4.0
16094,3.3
16095,8.5
16096,6.0
16097,6.0
16098,2.8
16099,2.5
16100,2.5
16101,2.0
16102,2.0
16103,2.8
16104,5.366666666666666
16105,6.0
16106,2.8
16107,3.0
16108,7.8
16109,5.5
16110,6.0
16111,2.5
16112,5.5
16113,5.822222222222221
16114,2.0
16115,2.4000000000000004
16116,6.3
16117,6.0
16118,2.5
16119,5.5
16120,2.0
16121,3.8
16122,4.0
16123,5.0
16124,2.5
16125,5.5
16126,5.5
16127,1.5
16128,2.5
16129,6.3
16130,3.5
16131,6.0
16132,6.0
16133,5.5
16134,6.5
16135,5.0
16136,6.0
16137,5.5
16138,7.8
16139,5.726315789473685
16140,5.0
16141,2.5
16142,6.0
16143,5.5
16144,3.8
16145,6.0
16146,6.0
16147,5.3
16148,1.5
16149,2.0
16150,2.0
16151,1.8
16152,3.6666666666666665
16153,2.5
16154,1.8
16155,2.5
16156,4.0
16157,6.0
16158,6.0
16159,5.8
16160,5.0
16161,3.8
16162,6.0
16163,5.5
16164,2.3
16165,6.0
16166,6.8
16167,6.0
16168,3.0
16169,2.3
16170,6.0
16171,3.625
16172,6.0
16173,6.8
16174,4.3
16175,5.726315789473685
16176,2.8
16177,6.0
16178,3.0
16179,2.5
16180,6.0
16181,9.5
16182,4.3
16183,2.3
16184,6.0
16185,5.5
16186,3.3
16187,5.5
16188,2.5
16189,6.0
16190,5.3
16191,2.5
16192,3.5
16193,6.8
16194,5.5
16195,6.5
16196,6.5
16197,6.0
16198,6.8
16199,5.5
16200,7.8
16201,5.8
16202,6.0
16203,5.6
16204,3.8
16205,2.3
16206,1.5
16207,2.3
16208,5.3
16209,2.8
16210,1.3
16211,5.0
16212,5.0
16213,3.0
16214,6.635135135135136
16215,5.5
16216,6.0
16217,5.0
16218,2.0
16219,6.0
16220,6.0
16221,5.5
16222,3.3
16223,3.8
16224,7.3
16225,6.0
16226,5.5
16227,2.3
16228,2.8
16229,6.3
16230,2.9250000000000003
16231,3.0
16232,6.8
16233,6.0
16234,6.8
16235,2.5
16236,2.5
16237,6.0
16238,6.0
16239,4.9399999999999995
16240,5.3
16241,4.0
16242,2.25
16243,6.0
16244,6.0
16245,5.5
16246,4.0
16247,4.0
16248,4.0
16249,6.0
16250,3.3
16251,7.8
16252,3.5
16253,6.0
16254,7.5
16255,6.0
16256,2.5999999999999996
16257,2.8
16258,2.3
16259,3.0
16260,6.0
16261,5.694444444444445
16262,5.8
16263,2.5
16264,5.0
16265,6.0
16266,4.8
16267,5.5
16268,4.0
16269,5.0
16270,2.9250000000000003
16271,6.8
16272,5.8
16273,2.5
16274,5.5
16275,6.0
16276,6.0
16277,2.5
16278,5.5
16279,2.5
16280,2.5
16281,3.8000000000000003
16282,3.7700000000000005
16283,3.0
16284,2.5
16285,5.0
16286,6.0
16287,2.5
16288,5.5
16289,3.0
16290,2.125
16291,3.8
16292,5.5
16293,3.8
16294,3.8
16295,6.0
16296,6.0
16297,5.8
16298,6.0
16299,3.8
16300,2.3000000000000003
16301,6.0
16302,6.0
16303,2.5
16304,2.0
16305,2.0
16306,5.5
16307,2.3
16308,2.5
16309,5.5
16310,2.5
16311,5.8
16312,6.0
16313,4.0
16314,3.0
16315,6.0
16316,3.4933333333333323
16317,6.0
16318,6.0
16319,6.0
16320,5.5
16321,6.0
16322,5.0
16323,5.6875
16324,6.8
16325,2.0
16326,3.5
16327,5.5
16328,5.0
16329,5.0
16330,6.0
16331,7.5
16332,5.5
16333,3.5
16334,5.5
16335,3.0
16336,5.5
16337,5.5
16338,3.8
16339,1.5
16340,6.0
16341,6.5
16342,6.0
16343,3.7700000000000005
16344,6.3
16345,1.5
16346,3.0
16347,2.8
16348,2.8
16349,2.5
16350,5.8
16351,2.5
16352,5.0
16353,6.5
16354,6.0
16355,5.5
16356,2.5
16357,3.8
16358,5.5
16359,6.0
16360,5.5
16361,2.5
16362,6.0
16363,5.5
16364,4.25
16365,6.0
16366,3.4933333333333323
16367,3.8
16368,5.0
16369,2.3
16370,5.5
16371,2.8
16372,5.0
16373,2.0
16374,5.0
16375,4.5
16376,5.5
16377,5.8
16378,6.0
16379,5.0
16380,5.8
16381,6.5
16382,3.8
16383,3.5
16384,2.3
16385,6.3
16386,6.0
16387,6.0
16388,5.5
16389,2.5625
16390,5.5
16391,3.8
16392,3.0
16393,6.0
16394,2.8
16395,1.5
16396,5.5
16397,5.3
16398,3.8
16399,6.0
16400,3.6
16401,6.0
16402,5.5
16403,3.8000000000000003
16404,3.3
16405,2.0
16406,6.0
16407,3.738461538461538
16408,6.0
16409,4.0
16410,6.8
16411,6.0
16412,2.3
16413,3.8
16414,3.5
16415,5.5
16416,6.0
16417,5.5
16418,6.0
16419,2.5
16420,6.0
16421,3.8
16422,5.5
16423,6.0
16424,6.5
16425,2.5
16426,3.8
16427,6.3
16428,2.3
16429,3.8000000000000003
16430,5.5
16431,2.5
16432,6.0
16433,8.5
16434,5.5
16435,2.5
16436,3.0
16437,6.0
16438,6.5
16439,6.0
16440,6.5
16441,2.0
16442,8.5
16443,3.8
16444,6.0
16445,5.0
16446,2.8
16447,6.0
16448,5.5
16449,3.3
16450,2.5
16451,5.0
16452,6.0
16453,2.5
16454,6.0
16455,3.0
16456,2.8
16457,5.0
16458,5.5
16459,5.3
16460,6.8
16461,2.0
16462,3.8
16463,6.8
16464,5.0
16465,5.0
16466,7.8
16467,4.3
16468,4.0
16469,2.5
16470,2.5
16471,4.3
16472,5.5
16473,5.0
16474,5.5
16475,3.8
16476,5.0
16477,5.5
16478,5.0
16479,6.0
16480,2.8
16481,1.5
16482,5.0
16483,5.8
16484,6.0
16485,6.0
16486,6.8
16487,6.046666666666665
16488,6.3
16489,5.5
16490,2.8
16491,6.5
16492,6.0
16493,5.5
16494,6.8
16495,5.8
16496,2.5
16497,2.3
16498,3.0
16499,6.0
16500,6.0
16501,6.0
16502,2.5
16503,3.8
16504,1.0
16505,5.5
16506,6.0
16507,6.0
16508,2.5
16509,2.8
16510,6.333333333333333
16511,3.5
16512,6.833333333333333
16513,1.8
16514,6.3
16515,3.5
16516,4.8
16517,2.5
16518,6.3
16519,6.0
16520,3.0
16521,4.0
16522,6.0
16523,6.0
16524,2.25
16525,6.0
16526,6.0
16527,5.5
16528,2.0
16529,6.0
16530,5.8
16531,2.0
16532,2.0
16533,4.3
16534,5.8
16535,6.0
16536,4.410526315789472
16537,3.5
16538,6.5
16539,5.0
16540,6.0
16541,6.0
16542,6.0
16543,2.0
16544,6.0
16545,2.0
16546,6.0
16547,6.8
16548,6.0
16549,5.5
16550,6.0
16551,2.5625
16552,6.0
16553,6.5
16554,5.3
16555,2.4285714285714284
16556,1.8
16557,3.3
16558,5.5
16559,1.8
16560,2.5
16561,3.0
16562,2.3
16563,2.8
16564,5.0
16565,7.8
16566,5.5
16567,6.0
16568,2.8
16569,2.5
16570,6.0
16571,6.0
16572,4.5
16573,6.0
16574,1.8
16575,6.8
16576,5.5
16577,6.0
16578,5.5
16579,3.8
16580,1.8
16581,5.5
16582,3.8
16583,1.8
16584,3.8
16585,5.5
16586,6.0
16587,6.3
16588,6.0
16589,2.5
16590,6.8
16591,4.3
16592,3.8000000000000003
16593,6.0
16594,5.0
16595,3.8000000000000003
16596,5.5
16597,2.3
16598,2.8
16599,5.033333333333334
16600,2.5
16601,6.5
16602,6.5
16603,10.0
16604,5.5
16605,6.0
16606,5.848571428571429
16607,6.0
16608,5.5
16609,2.3
16610,6.0
16611,4.8
16612,2.5
16613,6.0
16614,2.31
16615,1.8
16616,5.3
16617,2.5
16618,2.5
16619,2.3
16620,2.5
16621,1.5
16622,6.0
16623,5.5
16624,4.3
16625,2.5
16626,4.0
16627,6.8
16628,2.8
16629,6.8
16630,9.0
16631,2.0
16632,3.4933333333333323
16633,2.8
16634,5.0
16635,5.5
16636,4.3
16637,5.694444444444445
16638,6.0
16639,2.8
16640,2.8
16641,7.5
16642,6.0
16643,5.3
16644,6.046666666666665
16645,6.0
16646,6.0
16647,7.0
16648,3.8
16649,3.8000000000000003
16650,5.5
16651,6.0
16652,2.3
16653,6.0
16654,4.3
16655,5.5
16656,2.0
16657,3.5
16658,6.635135135135136
16659,5.0
16660,3.0
16661,7.0
16662,5.5
16663,1.8
16664,2.5
16665,6.0
16666,6.8
16667,4.0
16668,6.3
16669,4.5
16670,2.5
16671,3.8
16672,2.8
16673,5.5
16674,2.3
16675,6.3
16676,5.5
16677,6.0
16678,5.5
16679,6.0
16680,10.0
16681,5.5
16682,6.0
16683,5.3
16684,6.0
16685,5.5
16686,3.5
16687,6.5
16688,7.0
16689,6.0
16690,5.8
16691,3.8
16692,2.5
16693,6.0
16694,5.5
16695,6.0
16696,5.5
16697,3.8
16698,3.8
16699,5.5
16700,6.5
16701,5.5
16702,5.5
16703,4.5
16704,2.3
16705,2.5
16706,4.0
16707,6.0
16708,2.0
16709,3.8
16710,5.5
16711,6.5
16712,6.0
16713,3.0
16714,1.5
16715,5.4
16716,5.5
16717,6.0
16718,3.5
16719,3.5
16720,5.0
16721,4.62
16722,5.3
16723,5.5
16724,4.3
16725,2.0
16726,9.0
16727,3.0
16728,5.5
16729,6.3
16730,6.0
16731,2.3
16732,6.3
16733,5.5
16734,2.3
16735,6.0
16736,6.0
16737,3.8
16738,1.8
16739,5.5
16740,2.0
16741,3.8
16742,7.5
16743,6.5
16744,3.5
16745,5.8
16746,2.5
16747,2.0
16748,2.5
16749,6.3
16750,3.8
16751,3.8
16752,5.5
16753,4.0
16754,6.5
16755,5.694444444444445
16756,5.5
16757,6.5
16758,1.8
16759,6.5
16760,2.5
16761,2.5
16762,5.0
16763,6.3
16764,5.5
16765,3.3
16766,5.8
16767,6.0
16768,2.5
16769,6.5
16770,2.0
16771,2.5
16772,3.5
16773,5.5
16774,6.0
16775,2.8
16776,3.8
16777,6.5
16778,4.1
16779,5.5
16780,6.8
16781,5.5
16782,2.5
16783,6.5
16784,6.0
16785,1.8
16786,2.0
16787,7.0
16788,3.5
16789,2.5
16790,1.5
16791,6.0
16792,3.8
16793,3.8
16794,5.8
16795,6.0
16796,2.5
16797,6.5
16798,2.5
16799,6.0
16800,1.5
16801,6.0
16802,6.0
16803,4.3
16804,3.8
16805,6.3
16806,6.0
16807,2.5
16808,5.0
16809,5.726315789473685
16810,2.8
16811,5.0
16812,6.0
16813,5.5
16814,1.8
16815,4.0
16816,6.8
16817,7.5
16818,9.0
16819,4.410526315789472
16820,2.0
16821,2.3
16822,4.8
16823,5.0
16824,3.8
16825,9.0
16826,5.5
16827,4.5
16828,5.5
16829,1.5
16830,5.5
16831,5.8
16832,2.0
16833,1.3
16834,2.3
16835,2.5
16836,3.0
16837,1.8
16838,1.8
16839,5.8
16840,1.5
16841,5.8
16842,6.0
16843,5.5
16844,6.0
16845,2.3
16846,3.8
16847,6.5
16848,6.0
16849,2.3
16850,6.0
16851,5.0
16852,3.0
16853,3.5
16854,2.0
16855,3.8
16856,6.0
16857,5.5
16858,5.5
16859,2.3
16860,2.5
16861,2.31
16862,5.8
16863,2.5
16864,4.5
16865,6.8
16866,2.5
16867,3.8
16868,5.5
16869,6.3
16870,6.0
16871,1.8
16872,6.8
16873,2.8
16874,5.5
16875,2.5
16876,6.0
16877,5.5
16878,5.5
16879,3.0
16880,6.0
16881,9.5
16882,2.5
16883,6.0
16884,3.0
16885,6.0
16886,3.5
16887,4.410526315789472
16888,2.5
16889,5.5
16890,6.0
16891,6.5
16892,4.410526315789472
16893,4.0
16894,2.0
16895,2.5
16896,6.0
16897,6.0
16898,3.0
16899,3.8
16900,6.0
16901,6.0
16902,6.0
16903,2.5
16904,3.8
16905,2.8
16906,6.0
16907,5.5
16908,1.8
16909,4.62
16910,2.31
16911,2.0
16912,3.8
16913,6.0
16914,6.0
16915,5.5
16916,3.5
16917,5.5
16918,5.8
16919,5.5
16920,4.3
16921,2.4000000000000004
16922,6.0
16923,6.8
16924,2.5
16925,6.0
16926,2.3
16927,2.8
16928,3.8
16929,6.8
16930,2.5
16931,7.5
16932,5.8
16933,6.0
16934,5.5
16935,4.5
16936,6.5
16937,8.5
16938,6.5
16939,2.0
16940,5.5
16941,6.5
16942,5.5
16943,2.5
16944,6.0
16945,6.0
16946,6.8
16947,6.0
16948,6.5
16949,5.5
16950,4.0
16951,6.0
16952,3.8
16953,3.8
16954,6.0
16955,5.8
16956,2.8
16957,2.8
16958,2.5
16959,3.3
16960,6.0
16961,2.5
16962,4.8
16963,5.5
16964,2.5
16965,2.0
16966,5.5
16967,6.0
16968,2.0
16969,5.5
16970,6.3
16971,3.5
16972,3.8
16973,6.5
16974,5.5
16975,6.5
16976,1.8
16977,5.5
16978,2.5
16979,5.726315789473685
16980,6.0
16981,2.8
16982,6.0
16983,5.8
16984,2.5
16985,4.8
16986,6.0
16987,2.8
16988,2.8
16989,3.8
16990,6.0
16991,2.5
16992,5.5
16993,3.8
16994,6.0
16995,4.3
16996,9.0
16997,4.0
16998,10.0
16999,5.5
17000,2.4285714285714284
17001,2.3
17002,6.0
17003,6.0
17004,5.0
17005,2.5
17006,6.0
17007,3.8
17008,2.5625
17009,1.8
17010,3.0
17011,4.8
17012,2.8
17013,4.0
17014,5.5
17015,6.0
17016,6.0
17017,5.8
17018,2.5
17019,2.5
17020,5.3
17021,6.0
17022,6.046666666666665
17023,3.65
17024,6.0
17025,5.5
17026,3.8
17027,3.8
17028,2.5
17029,5.5
17030,5.0
17031,3.5
17032,2.3
17033,3.8
17034,2.0500000000000003
17035,5.8
17036,6.0
17037,2.65
17038,6.5
17039,3.8
17040,6.0
17041,4.3
17042,5.5
17043,6.3
17044,2.5
17045,2.8
17046,6.0
17047,6.0
17048,1.8
17049,6.0
17050,7.5
17051,5.0
17052,6.8
17053,3.8
17054,5.5
17055,3.8
17056,4.0
17057,4.0
17058,2.5
17059,3.5
17060,7.8
17061,5.3
17062,5.5
17063,6.0
17064,5.0
17065,2.5
17066,3.0
17067,5.0
17068,6.8
17069,1.8
17070,6.0
17071,5.3
17072,6.0
17073,4.0
17074,4.25
17075,5.3
17076,3.0
17077,4.0
17078,6.0
17079,5.0
17080,2.3
17081,2.5
17082,3.7700000000000005
17083,2.5
17084,3.8
17085,2.8
17086,2.5
17087,6.0
17088,6.3
17089,1.5
17090,6.3
17091,6.0
17092,6.0
17093,3.5
17094,6.8
17095,3.0
17096,6.0
17097,4.5
17098,2.0
17099,2.4000000000000004
17100,1.8
17101,2.5
17102,6.046666666666665
17103,6.0
17104,2.5
17105,2.3
17106,6.0
17107,1.5
17108,2.5
17109,5.6
17110,2.0
17111,1.8
17112,6.5
17113,3.0
17114,6.0
17115,5.5
17116,7.8
17117,2.5
17118,6.0
17119,3.8
17120,6.3
17121,3.8
17122,2.31
17123,6.8
17124,6.5
17125,6.0
17126,6.046666666666665
17127,2.5
17128,6.0
17129,3.0
17130,2.3
17131,6.0
17132,2.0
17133,5.5
17134,4.3
17135,5.8
17136,6.0
17137,2.34
17138,3.8
17139,3.0
17140,2.0
17141,6.0
17142,2.5
17143,6.0
17144,5.0
17145,3.8000000000000003
17146,6.0
17147,5.8
17148,7.3
17149,5.5
17150,6.0
17151,1.5
17152,3.5
17153,3.0
17154,6.0
17155,5.5
17156,3.8
17157,2.5
17158,7.5
17159,2.31
17160,5.5
17161,2.5
17162,6.0
17163,7.8
17164,5.5
17165,4.0
17166,6.0
17167,6.0
17168,6.8
17169,6.0
17170,3.8
17171,5.5
17172,6.5
17173,2.5
17174,1.5
17175,6.0
17176,3.8
17177,6.5
17178,4.5
17179,5.5
17180,5.5
17181,6.5
17182,1.8
17183,6.2
17184,6.0
17185,5.5
17186,5.694444444444445
17187,6.0
17188,6.0
17189,6.0
17190,5.0
17191,5.0
17192,6.8
17193,6.5
17194,4.0
17195,6.3
17196,2.0
17197,6.5
17198,5.8
17199,5.3
17200,5.5
17201,3.3
17202,6.0
17203,2.5
17204,6.0
17205,5.8
17206,6.0
17207,6.0
17208,6.0
17209,1.8
17210,6.5
17211,3.3
17212,5.8
17213,2.0500000000000003
17214,1.8
17215,6.0
17216,6.8
17217,2.0
17218,3.8
17219,6.8
17220,5.0
17221,5.5
17222,6.0
17223,2.5
17224,2.31
17225,1.8
17226,6.5
17227,2.0
17228,6.0
17229,5.8
17230,3.8
17231,2.8
17232,7.8
17233,2.5
17234,2.5
17235,3.0
17236,6.5
17237,6.0
17238,5.5
17239,6.0
17240,5.5
17241,2.5
17242,6.0
17243,5.5
17244,2.5
17245,1.5
17246,6.0
17247,6.3
17248,6.0
17249,2.5
17250,4.0
17251,6.0
17252,4.0
17253,2.5
17254,5.5
17255,3.8
17256,6.0
17257,6.0
17258,6.0
17259,6.75
17260,6.3
17261,4.5
17262,5.8
17263,6.8
17264,6.0
17265,3.8
17266,4.3
17267,5.3
17268,5.5
17269,2.5
17270,2.3
17271,6.3
17272,3.8000000000000003
17273,3.8
17274,5.5
17275,2.5
17276,6.0
17277,6.0
17278,2.5
17279,3.8
17280,2.3
17281,5.5
17282,5.5
17283,6.5
17284,2.5
17285,3.5
17286,6.0
17287,5.5
17288,2.0
17289,7.8
17290,2.0
17291,6.0
17292,6.8
17293,6.0
17294,3.0
17295,2.5
17296,2.8000000000000003
17297,5.5
17298,6.0
17299,2.3
17300,6.5
17301,6.0
17302,2.3
17303,6.0
17304,9.0
17305,6.0
17306,6.0
17307,3.5
17308,6.0
17309,9.5
17310,5.0
17311,2.5
17312,7.0
17313,2.5
17314,2.5
17315,4.076923076923077
17316,6.0
17317,6.0
17318,6.3
17319,6.8
17320,2.5
17321,5.5
17322,2.3
17323,6.0
17324,6.0
17325,6.5
17326,6.8
17327,6.0
17328,6.3
17329,5.5
17330,2.5
17331,5.3
17332,6.2
17333,5.0
17334,6.0
17335,2.8
17336,6.3
17337,6.0
17338,6.3
17339,6.8
17340,1.8
17341,7.5
17342,4.076923076923077
17343,5.5
17344,4.785714285714286
17345,2.8333333333333335
